
$ <python3.13> -m venv .venv
# exit 0 after 1.43s

$ .venv/bin/pip install pip==26.2.1 setuptools==81.0.0 wheel==0.48.0 horse-with-no-namespace==20260202.0 zc.buildout==5.3.0a1 uv==0.12.19
[    2.20] Collecting pip==26.2.1
[    2.21]   Using cached pip-26.2.1-py3-none-any.whl.metadata (4.6 kB)
[    2.28] Collecting setuptools==81.0.0
[    2.29]   Using cached setuptools-81.0.0-py3-none-any.whl.metadata (6.6 kB)
[    2.32] Collecting wheel==0.48.0
[    2.32]   Using cached wheel-0.48.0-py3-none-any.whl.metadata (2.3 kB)
[    2.35] Collecting horse-with-no-namespace==20260202.0
[    2.35]   Using cached horse_with_no_namespace-20260202.0-py3-none-any.whl.metadata (4.6 kB)
[    2.48] Collecting zc.buildout==5.3.0a1
[    2.48]   Using cached zc_buildout-5.3.0a1-py3-none-any.whl.metadata (26 kB)
[    2.64] Collecting uv==0.12.19
[    2.64]   Using cached uv-0.12.19-py3-none-macosx_11_0_arm64.whl.metadata (11 kB)
[    2.67] Collecting packaging>=24.0 (from wheel==0.48.0)
[    2.68]   Using cached packaging-26.3-py3-none-any.whl.metadata (3.5 kB)
[    2.70] Using cached pip-26.2.1-py3-none-any.whl (1.8 MB)
[    2.75] Using cached setuptools-81.0.0-py3-none-any.whl (1.1 MB)
[    2.77] Using cached wheel-0.48.0-py3-none-any.whl (33 kB)
[    2.78] Using cached horse_with_no_namespace-20260202.0-py3-none-any.whl (6.2 kB)
[    2.78] Using cached zc_buildout-5.3.0a1-py3-none-any.whl (418 kB)
[    2.79] Using cached uv-0.12.19-py3-none-macosx_11_0_arm64.whl (17.1 MB)
[    3.21] Using cached packaging-26.3-py3-none-any.whl (129 kB)
[    3.23] Installing collected packages: uv, setuptools, pip, packaging, horse-with-no-namespace, wheel, zc.buildout
[    4.69]   Attempting uninstall: pip
[    4.69]     Found existing installation: pip 25.2
[    4.71]     Uninstalling pip-25.2:
[    4.71]       Successfully uninstalled pip-25.2
[    5.53] 
[    5.53] Successfully installed horse-with-no-namespace-20260202.0 packaging-26.3 pip-26.2.1 setuptools-81.0.0 uv-0.12.19 wheel-0.48.0 zc.buildout-5.3.0a1
# exit 0 after 4.14s

$ .venv/bin/buildout versions:zc.buildout=5.3.0a1 versions:uv=0.12.19 versions:httpcore=1.0.9 versions:grpcio=1.81.0 versions:grpcio-tools=1.81.0 versions:protobuf=6.33.6
[    5.94] <string>:1: UserWarning: 🐎 This Python ([1m<bench>/runs/bo-pip/.venv/bin/python3.13[0m) uses horse-with-no-namespace to make the following pkg_resources namespace packages compatible with PEP 420 namespace packages:
[    5.94]   
[    5.99] <bench>/runs/bo-pip/.venv/lib/python3.13/site-packages/horse_with_no_namespace/pkg_resources.py:54: UserWarning: pkg_resources is deprecated as an API. See https://setuptools.pypa.io/en/latest/pkg_resources.html. The pkg_resources package is slated for removal as early as 2025-11-30. Refrain from using this package or pin to Setuptools<81.
[    5.99]   import pkg_resources
[    6.42] optional-extends file not found: local.cfg
[    6.42] Creating directory '<bench>/runs/bo-pip/eggs/v5'.
[    6.42] root: Reading https://dist.plone.org/release/6.2-dev/
[    6.54] root: Reading https://pypi.org/simple/mr-developer/
[    6.77] Getting distribution for 'mr.developer==3.0.0'.
[    6.77] root: Downloading https://files.pythonhosted.org/packages/af/a6/b660ecf945b1796c6b6bc94e6320321923850f7a4598085b81d5d809ae3b/mr_developer-3.0.0-py3-none-any.whl#sha256=8c12b3a57c72b647eaebfce28c69c307d5634cbad5f8d685db6b3a43347dc65a
[    7.20] Got mr.developer 3.0.0.
[    7.20] root: Reading https://pypi.org/simple/plone-versioncheck/
[    7.27] Getting distribution for 'plone.versioncheck==2.0.1'.
[    7.27] root: Downloading https://files.pythonhosted.org/packages/0a/a0/f685ba3af4969d347bb143006942b61e0617e568ecb02599e0376ba0f4ba/plone_versioncheck-2.0.1-py2.py3-none-any.whl#sha256=11a243d88c940855f39d8b7ebb6eb38f09708c35c2cd9b2c8fa1e573a9047271
[    7.62] Got plone.versioncheck 2.0.1.
[    7.63] root: Reading https://pypi.org/simple/jinja2/
[    7.90] Getting distribution for 'jinja2==3.1.6'.
[    7.90] root: Downloading https://files.pythonhosted.org/packages/62/a1/3d680cbfd5f4b8f15abc1d571870c5fc3e594bb582bc3b64ea099db13e56/jinja2-3.1.6-py3-none-any.whl#sha256=85ece4451f492d0c13c5dd7c13a64681a86afae63a5f347908daf103ce6d2f67
[    8.36] Got Jinja2 3.1.6.
[    8.37] root: Reading https://pypi.org/simple/httpx/
[    8.65] Getting distribution for 'httpx==0.28.1'.
[    8.65] root: Downloading https://files.pythonhosted.org/packages/2a/39/e50c7c3a983047577ee07d2a9e53faf5a69493943ec3f6a384bdc792deb2/httpx-0.28.1-py3-none-any.whl#sha256=d909fcccc110f8c7faf814ca82a9a4d816bc5a6dbfea25d6591d6985b8ba59ad
[    9.09] Got httpx 0.28.1.
[    9.10] root: Reading https://pypi.org/simple/colorama/
[    9.33] Getting distribution for 'colorama==0.4.6'.
[    9.33] root: Downloading https://files.pythonhosted.org/packages/d1/d6/3965ed04c63042e047cb6a3e6ed1a63a35087b6a609aa3a15ed8ac56c221/colorama-0.4.6-py2.py3-none-any.whl#sha256=4f1d9991f5acc0ca119f9d443620b77f9d6b33703e51011c16baf57afb285fc6
[    9.69] Got colorama 0.4.6.
[    9.69] root: Reading https://pypi.org/simple/markupsafe/
[   10.13] Getting distribution for 'MarkupSafe==3.0.3'.
[   10.13] root: Downloading https://files.pythonhosted.org/packages/9c/d9/5f7756922cdd676869eca1c4e3c0cd0df60ed30199ffd775e319089cb3ed/markupsafe-3.0.3-cp313-cp313-macosx_11_0_arm64.whl#sha256=116bb52f642a37c115f517494ea5feb03889e04df47eeff5b130b1808ce7c219
[   10.40] Got MarkupSafe 3.0.3.
[   10.40] root: Reading https://pypi.org/simple/idna/
[   10.53] Getting distribution for 'idna==3.18'.
[   10.53] root: Downloading https://files.pythonhosted.org/packages/1e/5e/d4e9f1a599fb8e573b7b87160658329fbf28d19eac2718f51fc3def3aa5a/idna-3.18-py3-none-any.whl#sha256=7f952cbe720b688055e3f87de14f5c3e5fdaa8bc3928985c4077ca689de849a2
[   10.86] Got idna 3.18.
[   10.86] root: Reading https://pypi.org/simple/httpcore/
[   11.02] Getting distribution for 'httpcore==1.0.9'.
[   11.02] root: Downloading https://files.pythonhosted.org/packages/7e/f5/f66802a942d491edb555dd61e3a9961140fd64c90bce1eafd741609d334d/httpcore-1.0.9-py3-none-any.whl#sha256=2d400746a40668fc9dec9810239072b40b4484b640a8c38fd654a024c7a1bf55
[   11.55] Got httpcore 1.0.9.
[   11.55] root: Reading https://pypi.org/simple/certifi/
[   11.84] Getting distribution for 'certifi==2026.7.22'.
[   11.84] root: Downloading https://files.pythonhosted.org/packages/0b/a7/71ac2cff56fec219ed242bb11b8efb69fcc4bec75db06fb7bfe35de520e6/certifi-2026.7.22-py3-none-any.whl#sha256=62f22742b58a1a33014a2b6b706588a8d7e2a88ae7bd1a6ebe8c992928483775
[   12.28] Got certifi 2026.7.22.
[   12.28] root: Reading https://pypi.org/simple/anyio/
[   12.61] Getting distribution for 'anyio==4.14.2'.
[   12.61] root: Downloading https://files.pythonhosted.org/packages/da/35/f2287558c17e29fafc8ef3daf819bb9834061cfa43bff8014f7df7f63bdc/anyio-4.14.2-py3-none-any.whl#sha256=9f505dda5ac9f0c8309b5e8bd445a8c2bf7246f3ce950121e45ea15bc41d1494
[   13.05] Got anyio 4.14.2.
[   13.05] root: Reading https://pypi.org/simple/h11/
[   13.26] Getting distribution for 'h11==0.16.0'.
[   13.26] root: Downloading https://files.pythonhosted.org/packages/04/4b/29cac41a4d98d144bf5f6d33995617b185d14b22401f75ca86f384e87ff1/h11-0.16.0-py3-none-any.whl#sha256=63cf8bbe7522de3bf65932fda1d9c2772064ffb3dae62d55932da54b31cb6c86
[   13.58] Got h11 0.16.0.
[   13.77] mr.developer: Queued 'Plone' for checkout.
[   14.35] mr.developer: Queued 'Products.CMFPlone' for checkout.
[   14.51] mr.developer: Queued 'mockup' for checkout.
[   15.87] mr.developer: Queued 'plone.app.locales' for checkout.
[   15.93] mr.developer: Queued 'plone.app.upgrade' for checkout.
[   16.87] mr.developer: Queued 'plone.restapi' for checkout.
[   18.13] mr.developer: Updated 'Plone' with git.
[   18.13] mr.developer: Switching to branch '6.2.x'.
[   18.18] mr.developer: Updated 'plone.app.upgrade' with git.
[   18.18] mr.developer: Switching to branch 'master'.
[   18.52] mr.developer: Updated 'mockup' with git.
[   18.52] mr.developer: Switching to branch '5.6.x'.
[   18.53] mr.developer: Updated 'plone.app.locales' with git.
[   18.53] mr.developer: Switching to branch 'master'.
[   18.71] mr.developer: Updated 'Products.CMFPlone' with git.
[   18.71] mr.developer: Switching to branch '6.2.x'.
[   19.27] mr.developer: Updated 'plone.restapi' with git.
[   19.27] mr.developer: Switching to branch 'main'.
[   19.27] Creating directory '<bench>/runs/bo-pip/bin'.
[   19.27] Creating directory '<bench>/runs/bo-pip/parts'.
[   19.27] Creating directory '<bench>/runs/bo-pip/develop-eggs'.
[   19.29] Develop: '<bench>/runs/bo-pip/src/Plone'
[   20.40] Develop: '<bench>/runs/bo-pip/src/plone.app.locales'
[   21.84] Develop: '<bench>/runs/bo-pip/src/plone.app.upgrade'
[   22.93] Develop: '<bench>/runs/bo-pip/src/plone.restapi'
[   24.07] Develop: '<bench>/runs/bo-pip/src/Products.CMFPlone'
[   25.21] root: Reading https://dist.plone.org/release/6.2-dev/
[   25.31] root: Reading https://pypi.org/simple/zc-recipe-egg/
[   25.54] Getting distribution for 'zc.recipe.egg==4.0.0'.
[   25.54] root: Downloading https://files.pythonhosted.org/packages/fd/05/154a133fd99caa24285c9ac9fe352a5ff0c841815e828307f334c1731734/zc_recipe_egg-4.0.0-py3-none-any.whl#sha256=3ec6ca54fee65eca76f29ccc6fbf68edcd77c368955b127e3ea2f55d0dab3174
[   25.89] <bench>/runs/bo-pip/.venv/lib/python3.13/site-packages/zc/buildout/easy_install.py:1130: UserWarning: Module zc was already imported from None, but <bench>/runs/bo-pip/eggs/v5/zc.recipe.egg-4.0.0-py3.13-macosx-26.6-arm64.egg is being added to sys.path
[   25.89]   ws.add(_d, replace=True)
[   25.90] Got zc.recipe.egg 4.0.0.
[   25.91] root: Reading https://pypi.org/simple/plone-recipe-zope2instance/
[   26.39] Getting distribution for 'plone.recipe.zope2instance==9.1.0'.
[   26.39] root: Downloading https://files.pythonhosted.org/packages/fc/ff/596a49ebe1d1bd90255b1d5fc7033776219ddb28f37884bb86aa800b959a/plone_recipe_zope2instance-9.1.0-py3-none-any.whl#sha256=c233389dcc2fc23dddf39c05e77365ab0faa372983dfce899deafb61ecc8ca98
[   26.71] <bench>/runs/bo-pip/.venv/lib/python3.13/site-packages/zc/buildout/easy_install.py:1130: UserWarning: Module plone was already imported from None, but <bench>/runs/bo-pip/eggs/v5/plone.recipe.zope2instance-9.1.0-py3.13-macosx-26.6-arm64.egg is being added to sys.path
[   26.71]   ws.add(_d, replace=True)
[   26.71] Got plone.recipe.zope2instance 9.1.0.
[   26.71] root: Reading https://pypi.org/simple/python-dotenv/
[   26.85] Getting distribution for 'python-dotenv==1.2.3'.
[   26.85] root: Downloading https://files.pythonhosted.org/packages/0d/17/c5c6b53ddc18f297992099b3d9ec16c855c0ccc83263a21fe4d1c625ec6c/python_dotenv-1.2.3-py3-none-any.whl#sha256=904552145e8bfed22162c09dab1c2b9b54fefa7b23ba780f4f26ca0316b0f0d9
[   27.23] Got python-dotenv 1.2.3.
[   27.23] root: Reading https://pypi.org/simple/paste/
[   27.39] Getting distribution for 'Paste==3.10.1'.
[   27.39] root: Downloading https://files.pythonhosted.org/packages/2e/14/032895c25726a859bf48b8ed68944c3efc7a3decd920533ed929f12f08a1/Paste-3.10.1-py3-none-any.whl#sha256=995e9994b6a94a2bdd8bd9654fb70ca3946ffab75442468bacf31b4d06481c3d
[   28.02] Got Paste 3.10.1.
[   28.02] root: Reading https://pypi.org/simple/waitress/
[   28.29] Getting distribution for 'waitress==3.0.2'.
[   28.29] root: Downloading https://files.pythonhosted.org/packages/8d/57/a27182528c90ef38d82b636a11f606b0cbb0e17588ed205435f8affe3368/waitress-3.0.2-py3-none-any.whl#sha256=c56d67fd6e87c2ee598b76abdd4e96cfad1f24cacdea5078d382b1f9d7b5ed2e
[   28.75] Got waitress 3.0.2.
[   28.75] root: Reading https://pypi.org/simple/zeo/
[   28.87] Getting distribution for 'ZEO==6.2'.
[   28.87] root: Downloading https://files.pythonhosted.org/packages/ec/55/23cb30701f9e857216a92693e52726812ac2db9daeffa3ac44da9a58bfc9/zeo-6.2-py3-none-any.whl#sha256=254853c9e6a2a29dfe7df89977e71c287f1f31a646a3d1941a6df738f5c282f9
[   29.43] Got ZEO 6.2.
[   29.43] root: Reading https://pypi.org/simple/zodb/
[   29.74] Getting distribution for 'ZODB==6.3'.
[   29.74] root: Downloading https://files.pythonhosted.org/packages/d4/82/09571aeb3eeb0033ecde410de174250ef56ff47960cc5eed7b2dbb3694a0/zodb-6.3-py3-none-any.whl#sha256=4f1baad4296fa06d4f0a468c91be05e5bd3f0fbfa0b37794de4f03c97cb8dcf1
[   30.44] Got ZODB 6.3.
[   30.44] root: Reading https://pypi.org/simple/zope/
[   30.62] Getting distribution for 'Zope==6.2'.
[   30.62] root: Downloading https://files.pythonhosted.org/packages/e6/0c/a5f590aaccf4a881819292de31a2fdd23124cdcbd789b973eebb13329a3f/zope-6.2-py3-none-any.whl#sha256=49b95a3baf9c487b73879eeef560b60d10cfc4dcf0705eb0239e23da38412c84
[   32.08] Got Zope 6.2.
[   32.08] root: Reading https://pypi.org/simple/zope-interface/
[   32.58] Getting distribution for 'zope.interface==8.5'.
[   32.58] root: Downloading https://files.pythonhosted.org/packages/9a/2e/4360c54c465db042cc8fbeeec92abac28b4cedbf6ba63c1f092fd08a190f/zope_interface-8.5-cp313-cp313-macosx_11_0_arm64.whl#sha256=09495ce9d559c06b70f2d4855b3e4f48a822a9ddc8be1d30c5b4e5be14ae1ace
[   33.20] Got zope.interface 8.5.
[   33.20] root: Reading https://pypi.org/simple/zdaemon/
[   33.40] Getting distribution for 'zdaemon==5.2.1'.
[   33.40] root: Downloading https://files.pythonhosted.org/packages/a7/21/e5b1c3b49c2dbb353c72860a7ef625f4b4fd460b857028cceefa58efe423/zdaemon-5.2.1-py3-none-any.whl#sha256=4932801cf2f530965a2295c06198c7a17e43a1ae9c990c8bd3f4c26bcab76468
[   33.73] Got zdaemon 5.2.1.
[   33.73] root: Reading https://pypi.org/simple/zconfig/
[   33.93] Getting distribution for 'ZConfig==4.3'.
[   33.93] root: Downloading https://files.pythonhosted.org/packages/d7/e0/b52fc7d0e080f3de4aead7de6f2ab1eb092b52cce80cab2d418452e28642/zconfig-4.3-py3-none-any.whl#sha256=988c64417c9255011321ba25d1eb7639fa5d0a5c657e13cacd7837e28766867e
[   34.37] Got ZConfig 4.3.
[   34.37] root: Reading https://pypi.org/simple/zc-lockfile/
[   34.66] Getting distribution for 'zc.lockfile==4.0'.
[   34.66] root: Downloading https://files.pythonhosted.org/packages/3b/7f/3a614b65bc4b181578b1d50a78663ee02d5d2d3b859712f3d3597c8afe6f/zc_lockfile-4.0-py3-none-any.whl#sha256=aa3aa295257bebaa09ea9ad5cb288bf9f98f88de6932f96b6659f62715d83581
[   34.98] <bench>/runs/bo-pip/.venv/lib/python3.13/site-packages/zc/buildout/easy_install.py:1130: UserWarning: Module zc was already imported from None, but <bench>/runs/bo-pip/eggs/v5/zc.lockfile-4.0-py3.13-macosx-26.6-arm64.egg is being added to sys.path
[   34.98]   ws.add(_d, replace=True)
[   34.98] Got zc.lockfile 4.0.
[   34.98] root: Reading https://pypi.org/simple/persistent/
[   35.29] Getting distribution for 'persistent==6.7'.
[   35.29] root: Downloading https://files.pythonhosted.org/packages/76/7f/238a94afac715b07706d7eb0736bf72a21874f54c4f743294f2033f5ef85/persistent-6.7-cp313-cp313-macosx_11_0_arm64.whl#sha256=fe37c8b31a3600b3ce63ef0152dc7abf33d55a851c27594d666513781c480455
[   35.82] Got persistent 6.7.
[   35.82] root: Reading https://pypi.org/simple/transaction/
[   36.05] Getting distribution for 'transaction==5.1'.
[   36.05] root: Downloading https://files.pythonhosted.org/packages/53/c4/6fc6a256e4873fdc1daf34fb6a6ff4d7f9dac49505a7004f5cac3a485cfc/transaction-5.1-py3-none-any.whl#sha256=05aa77c4543cec8b541565ad8b304857490878605ed727851bc5a531b9060789
[   36.45] Got transaction 5.1.
[   36.45] root: Reading https://pypi.org/simple/zodbpickle/
[   36.73] Getting distribution for 'zodbpickle==4.4'.
[   36.73] root: Downloading https://files.pythonhosted.org/packages/86/78/14caeb02c5b04655d9d095e796bbc118ccda71b334f581e2c1a234af1236/zodbpickle-4.4-cp313-cp313-macosx_11_0_arm64.whl#sha256=cf6ffc72cfbb444ab239638685ee3bc3908fdf71092c745d7ab2548bc9180cf3
[   37.15] Got zodbpickle 4.4.
[   37.15] root: Reading https://pypi.org/simple/btrees/
[   37.67] Getting distribution for 'BTrees==6.4'.
[   37.67] root: Downloading https://files.pythonhosted.org/packages/2f/e3/86d87c4d021e7c48673dd0f7a18f9e361fcfb763252793d0bbb0ee614f89/btrees-6.4-cp313-cp313-macosx_11_0_arm64.whl#sha256=bb47477bb240b25d70cb8817373929fc2923c81a7beea3da7e5df16f59b93d81
[   38.33] Got BTrees 6.4.
[   38.33] root: Reading https://pypi.org/simple/zope-viewlet/
[   38.65] Getting distribution for 'zope.viewlet==6.0'.
[   38.65] root: Downloading https://files.pythonhosted.org/packages/ed/80/2d8a5fcbfa39861314ea9c81d14f3ad338b9fe0a23598745325be9f19a78/zope_viewlet-6.0-py3-none-any.whl#sha256=750677c5aec677d44778b8734df6c1e861cedfe410415b48c97218ad8b795fa5
[   38.99] Got zope.viewlet 6.0.
[   38.99] root: Reading https://pypi.org/simple/zope-traversing/
[   39.30] Getting distribution for 'zope.traversing==6.0'.
[   39.30] root: Downloading https://files.pythonhosted.org/packages/95/f8/b374c072f578604b1622c0f9e39ce0a2947b42ae0568ac959427b7b206b7/zope_traversing-6.0-py3-none-any.whl#sha256=cf31570fdab2338a799821621df50080ada016507891a131668997e73b1f982f
[   39.73] Got zope.traversing 6.0.
[   39.73] root: Reading https://pypi.org/simple/zope-testing/
[   39.83] Getting distribution for 'zope.testing==6.2'.
[   39.83] root: Downloading https://files.pythonhosted.org/packages/21/1b/754e3979c2f4bd6afd9e7f965d161d64053c32936c0e232ba215f1d39606/zope_testing-6.2-py3-none-any.whl#sha256=3bd449580e7ff033835d6b59833f05f87df6fa5c250baa487d9c68ae6133b873
[   40.13] Got zope.testing 6.2.
[   40.13] root: Reading https://pypi.org/simple/zope-testbrowser/
[   40.40] Getting distribution for 'zope.testbrowser==8.0'.
[   40.40] root: Downloading https://files.pythonhosted.org/packages/0c/5a/5a22c73a1e8c999114ae01c297b3291bb6afd73b4ca4acfd6af11e1312c3/zope_testbrowser-8.0-py3-none-any.whl#sha256=eaa5b94d8e11e66735b61d277882691f2a0ce3e90f23fca250e6e3f7e478ea2a
[   40.80] Got zope.testbrowser 8.0.
[   40.81] root: Reading https://pypi.org/simple/zope-tales/
[   40.87] Getting distribution for 'zope.tales==7.0'.
[   40.87] root: Downloading https://files.pythonhosted.org/packages/70/ef/b47c3344f15150c2485bf2a8ecb26f75dced3c1c96056f8d6a13ec6fe4fc/zope_tales-7.0-py3-none-any.whl#sha256=23870d27d3932ea489102ac26cec3e94bb46013bdaaa7882b3d2ad163b0289d4
[   41.21] Got zope.tales 7.0.
[   41.21] root: Reading https://pypi.org/simple/zope-tal/
[   41.44] Getting distribution for 'zope.tal==6.0'.
[   41.44] root: Downloading https://files.pythonhosted.org/packages/85/bc/7abf81fad6f008385879cec11082e6ab68d4ff2303244f2d4e929c6aa121/zope_tal-6.0-py3-none-any.whl#sha256=fa1f2e2656b9e177cbfc5e99a58511450e74567f3b8e939afd3ea148c87c9a61
[   41.96] Got zope.tal 6.0.
[   41.96] root: Reading https://pypi.org/simple/zope-size/
[   42.17] Getting distribution for 'zope.size==6.0'.
[   42.17] root: Downloading https://files.pythonhosted.org/packages/29/8e/cc5b9c953ecc3056979ddbc0ad04198f9861822cf77d951771eb62f42233/zope_size-6.0-py3-none-any.whl#sha256=3f1cf02e89884653b8525607e6be1a8e6984c253bf770b0454e0799dcd4f07ef
[   42.61] Got zope.size 6.0.
[   42.61] root: Reading https://pypi.org/simple/zope-site/
[   43.01] Getting distribution for 'zope.site==6.0'.
[   43.01] root: Downloading https://files.pythonhosted.org/packages/b0/d0/2363e2e12f2483b82c0f9358b7a789be5b04a6112a98e0c91390d6da13e2/zope_site-6.0-py3-none-any.whl#sha256=6b0dfed73f4c2ec88665989bf188f1a3b20eaa60107d895e195fea109d4db7c4
[   43.37] Got zope.site 6.0.
[   43.38] root: Reading https://pypi.org/simple/zope-sequencesort/
[   43.54] Getting distribution for 'zope.sequencesort==6.0'.
[   43.54] root: Downloading https://files.pythonhosted.org/packages/7e/1c/398499c76549994cf2139ba8d1208faad2b6b9a228496aa40624c01784b6/zope_sequencesort-6.0-py3-none-any.whl#sha256=f3dd340f8807f83d03fd530a9cb7570d6dc317afbc3fe6b671b84d416ddd8530
[   43.90] Got zope.sequencesort 6.0.
[   43.90] root: Reading https://pypi.org/simple/zope-security/
[   44.20] Getting distribution for 'zope.security==8.3'.
[   44.20] root: Downloading https://files.pythonhosted.org/packages/d1/62/4c080be52e9b54aee9cd34dddb925e235214758decc1a73caa5739453f7d/zope_security-8.3-cp313-cp313-macosx_11_0_arm64.whl#sha256=b22cba9cda26e8da05cb414a91f40df902a41e73e7c3432bfe3aeee0c5c26c71
[   44.74] Got zope.security 8.3.
[   44.74] root: Reading https://pypi.org/simple/zope-schema/
[   44.82] Getting distribution for 'zope.schema==8.1'.
[   44.82] root: Downloading https://files.pythonhosted.org/packages/4f/bd/be14d41f6fbd66dec7b95889ae65bdf0ad54d4b2eca0ed5e5ab1ac576a91/zope_schema-8.1-py3-none-any.whl#sha256=e5313ef0f20b0e5b6ecf9a75fd7bd59bc772244351144097e086a5822fe8b0bb
[   45.31] Got zope.schema 8.1.
[   45.32] root: Reading https://pypi.org/simple/zope-publisher/
[   45.69] Getting distribution for 'zope.publisher==8.1'.
[   45.69] root: Downloading https://files.pythonhosted.org/packages/28/3d/214d2ff33b1b0c0df2def58e930cf503bda327d8fbcb45293a93f497def1/zope_publisher-8.1-py3-none-any.whl#sha256=04f037cccccb0f7aa6bb2aa1926e9afba72237ab7dc10cf18104fbb207036e04
[   46.27] Got zope.publisher 8.1.
[   46.27] root: Reading https://pypi.org/simple/zope-ptresource/
[   46.39] Getting distribution for 'zope.ptresource==6.0'.
[   46.39] root: Downloading https://files.pythonhosted.org/packages/bc/4e/0209edbfe7da4584ee982e19b65503d2a6549124aaa825ee7030d5d467e2/zope_ptresource-6.0-py3-none-any.whl#sha256=9b3ba66139af9fea1abc0100d4f909444a8486a912f5bcc2549ab47eef82ed5c
[   46.80] Got zope.ptresource 6.0.
[   46.80] root: Reading https://pypi.org/simple/zope-proxy/
[   47.13] Getting distribution for 'zope.proxy==7.2'.
[   47.13] root: Downloading https://files.pythonhosted.org/packages/f5/ba/6608fbf5c3c4cb8b55f716db30ee927997ff52527c81b25044056373aafe/zope_proxy-7.2-cp313-cp313-macosx_11_0_arm64.whl#sha256=46c329bee99e0668fcca3b527449efa704e3b3ac2412408bae7425048b9af83e
[   47.42] Got zope.proxy 7.2.
[   47.42] root: Reading https://pypi.org/simple/zope-processlifetime/
[   47.63] Getting distribution for 'zope.processlifetime==4.0'.
[   47.63] root: Downloading https://files.pythonhosted.org/packages/7c/ef/862c6a1f40383b01e4ee28debfd4304f8be3a5438bc826f1f6aef2248d7b/zope_processlifetime-4.0-py3-none-any.whl#sha256=d361070c5b291d5b2df6c33e41afaacddb21d77920325b8db810080ea73d0466
[   47.99] Got zope.processlifetime 4.0.
[   47.99] root: Reading https://pypi.org/simple/zope-pagetemplate/
[   48.28] Getting distribution for 'zope.pagetemplate==6.1'.
[   48.28] root: Downloading https://files.pythonhosted.org/packages/e7/0e/de601c064c2dd90a428389fc3f3573ed686f6358a7d556cdf259ea4d3144/zope_pagetemplate-6.1-py3-none-any.whl#sha256=65828867fe39439f1e083d8ccefdc69a3b761b26aa3bcd5c8a03e7e395deb907
[   48.61] Got zope.pagetemplate 6.1.
[   48.62] root: Reading https://pypi.org/simple/zope-location/
[   48.82] Getting distribution for 'zope.location==6.0'.
[   48.83] root: Downloading https://files.pythonhosted.org/packages/6f/24/6ed6f797c614d1976e5fed6348910b4016d1265dc5469c93e75a50a044ad/zope_location-6.0-py3-none-any.whl#sha256=ae2cdfe7c4de03577f55218672dfdcdcf8068666b59d45532408506cdd774e1d
[   49.20] Got zope.location 6.0.
[   49.20] root: Reading https://pypi.org/simple/zope-lifecycleevent/
[   49.38] Getting distribution for 'zope.lifecycleevent==6.0'.
[   49.38] root: Downloading https://files.pythonhosted.org/packages/a0/41/71008b9190126e750fddd17f62ff48f78e7d8560d801c0b384ed4f9d8bf9/zope_lifecycleevent-6.0-py3-none-any.whl#sha256=df5f0b58a84a0429e825ceef5780b8ffe1772e8d5dba7b80eb54b27306e0869e
[   49.68] Got zope.lifecycleevent 6.0.
[   49.68] root: Reading https://pypi.org/simple/zope-i18nmessageid/
[   50.06] Getting distribution for 'zope.i18nmessageid==8.2'.
[   50.06] root: Downloading https://files.pythonhosted.org/packages/34/4d/772fd8ad9fb5ed7f12bccc9624386553a2ee67d15943234d3291045b201f/zope_i18nmessageid-8.2-cp313-cp313-macosx_11_0_arm64.whl#sha256=627263e4f13613d35b7ff0d3fd096e450de879108a0b2b053180493a39b98653
[   50.45] Got zope.i18nmessageid 8.2.
[   50.45] root: Reading https://pypi.org/simple/zope-i18n/
[   50.71] Getting distribution for 'zope.i18n[zcml]==6.0'.
[   50.71] root: Downloading https://files.pythonhosted.org/packages/be/31/33c518dc71d3bb1cec1c66d2107cee9fb94fba9ccc9b011949dc9dbe9bcc/zope_i18n-6.0-py3-none-any.whl#sha256=d5ccf2a1eade00fd9b7fc272540f34dec88594f76e0265b1bd98287c79ee6285
[   51.40] Got zope.i18n 6.0.
[   51.40] root: Reading https://pypi.org/simple/zope-globalrequest/
[   51.61] Getting distribution for 'zope.globalrequest==3.0'.
[   51.61] root: Downloading https://files.pythonhosted.org/packages/80/8a/b92514793ff71c36f81a4c3a06f045cf3871cff92b088e491a3d8ac7e6de/zope_globalrequest-3.0-py3-none-any.whl#sha256=bb9d55e5091743870e21817ae7bc8939f35c3545ac3e7d7ee97ed77fd4b6d5ac
[   52.04] Got zope.globalrequest 3.0.
[   52.04] root: Reading https://pypi.org/simple/zope-exceptions/
[   52.28] Getting distribution for 'zope.exceptions==6.0'.
[   52.28] root: Downloading https://files.pythonhosted.org/packages/8c/a6/fbe68c2c9e2f42b231364ed0b34a8d8ba8b216eb5dc91fe9fa5345099691/zope_exceptions-6.0-py3-none-any.whl#sha256=bc31943c9f849d86d258564f36c6601dcc05ba665abd04d4c5c5dabed72708e5
[   52.63] Got zope.exceptions 6.0.
[   52.63] root: Reading https://pypi.org/simple/zope-event/
[   52.80] Getting distribution for 'zope.event==6.2'.
[   52.80] root: Downloading https://files.pythonhosted.org/packages/9e/33/848922889e946d4befc415c219fe516af75c49555d8e736e183bfd30db42/zope_event-6.2-py3-none-any.whl#sha256=5e755153ac4faf64c10a4b6dd3307680166a3edf65b38df22df592610f8fa874
[   53.15] Got zope.event 6.2.
[   53.15] root: Reading https://pypi.org/simple/zope-deferredimport/
[   53.36] Getting distribution for 'zope.deferredimport==6.1.1'.
[   53.36] root: Downloading https://files.pythonhosted.org/packages/4a/e5/36c4eea224dcec773841fd9487c4717430b669e9122067c9cc33db195612/zope_deferredimport-6.1.1-py3-none-any.whl#sha256=833c775c927242638a54aa15c6d59e75b8f5091d44bf909fa90bf6e28aec6641
[   53.75] Got zope.deferredimport 6.1.1.
[   53.75] root: Reading https://pypi.org/simple/zope-datetime/
[   53.96] Getting distribution for 'zope.datetime==6.0'.
[   53.96] root: Downloading https://files.pythonhosted.org/packages/e9/71/6cc1f2164cd98c3d2b87e81db7502b941d66099aaf4503c34aab54ff3650/zope_datetime-6.0-py3-none-any.whl#sha256=b0aee3da0a44ec9fc42ce717bf21370a00c32ca082c3d4f5513f3b7c5cbfbe72
[   54.36] Got zope.datetime 6.0.
[   54.36] root: Reading https://pypi.org/simple/zope-contenttype/
[   54.54] Getting distribution for 'zope.contenttype==6.0'.
[   54.54] root: Downloading https://files.pythonhosted.org/packages/12/be/3e263fd3ca5a685e764ad1f7ef440ff55933ca176b3c350e3bdf45e9a901/zope_contenttype-6.0-py3-none-any.whl#sha256=97e992fa4b5a9c722cc4720eceabc624c0a79e8c17952bd3ddb8f7a3d6394a3a
[   54.85] Got zope.contenttype 6.0.
[   54.85] root: Reading https://pypi.org/simple/zope-contentprovider/
[   55.00] Getting distribution for 'zope.contentprovider==7.0'.
[   55.00] root: Downloading https://files.pythonhosted.org/packages/79/00/f3e2296c0088a720392542b37f56ed74f2d14535f1b8f3a733272cb45ba7/zope_contentprovider-7.0-py3-none-any.whl#sha256=cb3a05a2bac171918b54e37493f074d55d90880684e82f093c76fea273f8769a
[   55.41] Got zope.contentprovider 7.0.
[   55.42] root: Reading https://pypi.org/simple/zope-container/
[   55.79] Getting distribution for 'zope.container==7.2'.
[   55.79] root: Downloading https://files.pythonhosted.org/packages/bd/46/ae86b8c1d4eb416d350a083c1ecb2681e8ac823b8eaf4f8917aecc9f90b5/zope_container-7.2-cp313-cp313-macosx_11_0_arm64.whl#sha256=7020f4a6857cfe128ed4c50d23cadbf84565d6d790adf12334d650c6be85d866
[   56.20] Got zope.container 7.2.
[   56.21] root: Reading https://pypi.org/simple/zope-configuration/
[   56.47] Getting distribution for 'zope.configuration==7.1'.
[   56.47] root: Downloading https://files.pythonhosted.org/packages/7e/54/fb0c0519d6d650093655f0aff585976078dc21d92d500a01ba872c8318c9/zope_configuration-7.1-py3-none-any.whl#sha256=c139dfebe6f686a7f8c42269e5cb0ce31ed8808e056e5cc21eb595625b5fdf05
[   56.92] Got zope.configuration 7.1.
[   56.93] root: Reading https://pypi.org/simple/zope-component/
[   57.20] Getting distribution for 'zope.component==7.1'.
[   57.20] root: Downloading https://files.pythonhosted.org/packages/af/15/e0f7985013bff911554bba14d073eca455b3ce6255105b6179601da93435/zope_component-7.1-py3-none-any.whl#sha256=70587c31944f43312834cbe2f489aa304ebf8c90c80be7a866c3eb1260d13e83
[   57.58] Got zope.component 7.1.
[   57.58] root: Reading https://pypi.org/simple/zope-browserresource/
[   57.70] Getting distribution for 'zope.browserresource==6.0'.
[   57.70] root: Downloading https://files.pythonhosted.org/packages/f3/ab/770ec1d6490ec827505374648629b7a4b14890ed1054cd73f5d0551cb9ec/zope_browserresource-6.0-py3-none-any.whl#sha256=3687f05ab66a4d4e9a6b70b3bed895c9ce64bf43020b4765e94dd2661fb7043a
[   58.10] Got zope.browserresource 6.0.
[   58.10] root: Reading https://pypi.org/simple/zope-browserpage/
[   58.31] Getting distribution for 'zope.browserpage==6.0'.
[   58.31] root: Downloading https://files.pythonhosted.org/packages/53/84/d7200741c91e9d852051ef6257a64147266ea162f2e6f46b0a35a42f77c2/zope_browserpage-6.0-py3-none-any.whl#sha256=43c614ad2d9346677ba515c5b9994231762d222ef2b83a4771c3643b0be77b4c
[   58.73] Got zope.browserpage 6.0.
[   58.73] root: Reading https://pypi.org/simple/zope-browsermenu/
[   58.94] Getting distribution for 'zope.browsermenu==6.0'.
[   58.94] root: Downloading https://files.pythonhosted.org/packages/4d/51/d5535a58f93c183f7ae2ada4eac4a2e6fd9adbd4e90b6944bcaaea5d1d75/zope_browsermenu-6.0-py3-none-any.whl#sha256=c383a031a234473c279961eee3f1ab2b51a1243d9fb100890ffe282612594e88
[   59.33] Got zope.browsermenu 6.0.
[   59.33] root: Reading https://pypi.org/simple/zope-browser/
[   59.40] Getting distribution for 'zope.browser==4.0'.
[   59.40] root: Downloading https://files.pythonhosted.org/packages/29/38/9920bd3d90913ba2db2364dc1e1c2d8e88431001baed270bb4c026e51a74/zope_browser-4.0-py3-none-any.whl#sha256=9012678ceeedc516065a8e61139117caf2b41434c05661cc3428d82f969f4599
[   59.76] Got zope.browser 4.0.
[   59.76] root: Reading https://pypi.org/simple/z3c-pt/
[   59.89] Getting distribution for 'z3c.pt==5.1'.
[   59.89] root: Downloading https://files.pythonhosted.org/packages/df/f5/99cb2ccf605383c5084fdc86342924c76c2209412638032d86e9b6663505/z3c_pt-5.1-py3-none-any.whl#sha256=871827359171888eba4c6e4c7a50e589515f6ae6ac229731b45a23f641abfd2b
[   60.29] Got z3c.pt 5.1.
[   60.29] root: Reading https://pypi.org/simple/zexceptions/
[   60.37] Getting distribution for 'zExceptions==6.0'.
[   60.37] root: Downloading https://files.pythonhosted.org/packages/31/14/af60daea8dee4a65a2e380885813a726917c9b8295ab08ca86ad5f6ed13a/zexceptions-6.0-py3-none-any.whl#sha256=37a91f7efe5b585e6bc5ce8f649cfad8575ace44b2d352a9538153c305081ea8
[   60.70] Got zExceptions 6.0.
[   60.70] root: Reading https://pypi.org/simple/multipart/
[   60.77] Getting distribution for 'multipart==2.0.0'.
[   60.77] root: Downloading https://files.pythonhosted.org/packages/71/dd/feb9c23d5c5a382194a9f86b02e98b8724d745e1a1cf4ecb1a5c0f884aa1/multipart-2.0.0-py3-none-any.whl#sha256=b3d4d473c4b96bb43e0d54b76fcc3b89b904df28387daf54e08405eb2123a081
[   61.09] Got multipart 2.0.0.
[   61.10] root: Reading https://pypi.org/simple/restrictedpython/
[   61.40] Getting distribution for 'RestrictedPython==8.5'.
[   61.40] root: Downloading https://files.pythonhosted.org/packages/58/57/16ce3c721f5a33317e4110575d5c9976c0c45f7fd96ca2e0adeab06e6026/restrictedpython-8.5-py3-none-any.whl#sha256=6c70e0a3af13e830d37225788cdc8ab5804a8df4b500c135086eaef34b5c01e0
[   61.78] Got RestrictedPython 8.5.
[   61.78] root: Reading https://pypi.org/simple/persistence/
[   62.15] Getting distribution for 'Persistence==5.4'.
[   62.16] root: Downloading https://files.pythonhosted.org/packages/a4/8c/86bfd8daae8a4672b476e65e028f2e4b2c39ca560965fa5f4145f91b697c/persistence-5.4-cp313-cp313-macosx_11_0_arm64.whl#sha256=eb8b185198e0c0884a821c02ae7543eb2485ccbe25db38615839511ce1821e75
[   62.71] Got Persistence 5.4.
[   62.71] root: Reading https://pypi.org/simple/pastedeploy/
[   62.92] Getting distribution for 'PasteDeploy==3.1.0'.
[   62.92] root: Downloading https://files.pythonhosted.org/packages/85/30/cdddd9a88969683a59222a6d61cd6dce923977f2e9f9ffba38e1324149cd/PasteDeploy-3.1.0-py3-none-any.whl#sha256=76388ad53a661448d436df28c798063108f70e994ddc749540d733cdbd1b38cf
[   63.27] Got PasteDeploy 3.1.0.
[   63.27] root: Reading https://pypi.org/simple/multimapping/
[   63.48] Getting distribution for 'MultiMapping==5.1'.
[   63.48] root: Downloading https://files.pythonhosted.org/packages/a9/81/0ce677e60ef4531f8dffe0219b28cfe4375fd591fee6a0ae0ee8f968e5a4/multimapping-5.1-py3-none-any.whl#sha256=e375170b321ea261aa82fddf6c2b1ffa11ea8fd0ef0720151fbfd9a8317fb720
[   63.87] Got MultiMapping 5.1.
[   63.87] root: Reading https://pypi.org/simple/extensionclass/
[   64.45] Getting distribution for 'ExtensionClass==6.3'.
[   64.45] root: Downloading https://files.pythonhosted.org/packages/74/d0/1cd494334a0193b26aff23c929d24e54040efc2b6c3ec40c8550e661822d/extensionclass-6.3-cp313-cp313-macosx_11_0_arm64.whl#sha256=4471b87beb7268f8311c4bd13c4dd4f416332d9e3a0f3c2adccc389c9cab207a
[   64.98] Got ExtensionClass 6.3.
[   64.98] root: Reading https://pypi.org/simple/documenttemplate/
[   65.18] Getting distribution for 'DocumentTemplate==5.3'.
[   65.18] root: Downloading https://files.pythonhosted.org/packages/90/8e/fdaaf616c5bb756ea12a345fc9c898a71565c7dd69646c7f77fa4f39b503/documenttemplate-5.3-py3-none-any.whl#sha256=e3a87ff9c0ff70ed1356adf83065734c105b579c190febb7cfb09b7af37329a2
[   65.78] Got DocumentTemplate 5.3.
[   65.78] root: Reading https://pypi.org/simple/datetime/
[   66.08] Getting distribution for 'DateTime==6.0'.
[   66.08] root: Downloading https://files.pythonhosted.org/packages/cf/7a/ea0f3e3ea74be36fc7cf54f966cde732a3de72697983cdb5646b0a4dacde/datetime-6.0-py3-none-any.whl#sha256=d19988f0657a4e72c9438344157254a8dcad6aea8cd5ae70a5d1b5a75e5dc930
[   66.44] Got DateTime 6.0.
[   66.45] root: Reading https://pypi.org/simple/chameleon/
[   66.81] Getting distribution for 'Chameleon==4.6.0'.
[   66.81] root: Downloading https://files.pythonhosted.org/packages/1b/44/07739ae778f280bb5d77806b57806730438331dd018268ff3a327a3507f6/Chameleon-4.6.0-py3-none-any.whl#sha256=f674cab262d7b8a26c38574e06f513e91f60c129887ff5ab6a3a2a46c03dd925
[   67.40] Got Chameleon 4.6.0.
[   67.40] root: Reading https://pypi.org/simple/acquisition/
[   67.82] Getting distribution for 'Acquisition==6.2'.
[   67.82] root: Downloading https://files.pythonhosted.org/packages/d3/2f/aa7fc33e207b9e82fb6c276c794d16268425c931e0f552a6f21a1533e615/acquisition-6.2-cp313-cp313-macosx_11_0_arm64.whl#sha256=4b56d0e1c5ccfcf05118a925f1d2eb41dcf9a2c4e99e53fd27355acc98612ec5
[   68.28] Got Acquisition 6.2.
[   68.28] root: Reading https://pypi.org/simple/accesscontrol/
[   68.70] Getting distribution for 'AccessControl==7.4'.
[   68.70] root: Downloading https://files.pythonhosted.org/packages/28/81/c2d5bf180dbfdf8b1180a0ee158542f49ad2390aa152f5b65f732858c240/accesscontrol-7.4-cp313-cp313-macosx_11_0_arm64.whl#sha256=68e7299129e8982b329d63bb1ca3571fe494f8cb553d95f16356a0e3c8a326be
[   69.27] Got AccessControl 7.4.
[   69.27] root: Reading https://pypi.org/simple/cffi/
[   69.74] Getting distribution for 'cffi==2.1.1; platform_python_implementation == "CPython"'.
[   69.74] root: Downloading https://files.pythonhosted.org/packages/55/41/4c7042f317b9217502988f0873af87e16ad606dc20f84e546e3e6ce9764c/cffi-2.1.1-cp313-cp313-macosx_11_0_arm64.whl#sha256=19ee6127ee34de7d83ce3d371ebc5ed91addbdcc39f9ab15ce4eb35a4e534971
[   70.18] Got cffi 2.1.1.
[   70.18] root: Reading https://pypi.org/simple/legacy-cgi/
[   70.40] Getting distribution for 'legacy-cgi==2.6.4; python_version > "3.12"'.
[   70.40] root: Downloading https://files.pythonhosted.org/packages/8c/7e/e7394eeb49a41cc514b3eb49020223666cbf40d86f5721c2f07871e6d84a/legacy_cgi-2.6.4-py3-none-any.whl#sha256=7e235ce58bf1e25d1fc9b2d299015e4e2cd37305eccafec1e6bac3fc04b878cd
[   70.79] Got legacy-cgi 2.6.4.
[   70.79] root: Reading https://pypi.org/simple/wsgiproxy2/
[   70.98] Getting distribution for 'WSGIProxy2==0.5.1'.
[   70.98] root: Downloading https://files.pythonhosted.org/packages/4f/b9/472013e536aa22eba099becd8d1c8cddc1fd900303c60c75a643a59e41a3/WSGIProxy2-0.5.1-py3-none-any.whl#sha256=37ab414dc568aba8c1fb0660885d05ab7ddde0a3460af90fea415afcdd7dfca8
[   71.34] Got WSGIProxy2 0.5.1.
[   71.34] root: Reading https://pypi.org/simple/soupsieve/
[   71.44] Getting distribution for 'SoupSieve==2.9.1'.
[   71.44] root: Downloading https://files.pythonhosted.org/packages/0f/2c/437fe806897c2d6cfdc3ee43a18da8bf8e568530a4ae9bac781541ca9896/soupsieve-2.9.1-py3-none-any.whl#sha256=4f4477399246b7a0c720a88ca2454b11cd6bb9ae4c9d170140786e916776c14c
[   71.89] Got soupsieve 2.9.1.
[   71.89] root: Reading https://pypi.org/simple/beautifulsoup4/
[   72.05] Getting distribution for 'BeautifulSoup4==4.15.0'.
[   72.05] root: Downloading https://files.pythonhosted.org/packages/88/c6/92fcd42f1ba33e1184263f25bfabf3d27c383410470f169e4b8163bf9c17/beautifulsoup4-4.15.0-py3-none-any.whl#sha256=d6f88de62e1d4e38ecb1077eb9724cd0eff29d2a08ca16a401e9b9e93f117cf9
[   72.62] Got beautifulsoup4 4.15.0.
[   72.62] root: Reading https://pypi.org/simple/webtest/
[   72.93] Getting distribution for 'WebTest==3.0.7'.
[   72.93] root: Downloading https://files.pythonhosted.org/packages/73/74/cb337bb1758254589b6fdc0aeeb91fa987ac1e6877a79b75edbd214fc0a9/webtest-3.0.7-py3-none-any.whl#sha256=2f51a0844f3a8beaef89bc23d225fe05ad816f7e429ffcc655a13013a799ac6c
[   73.33] Got WebTest 3.0.7.
[   73.33] root: Reading https://pypi.org/simple/pytz/
[   73.66] Getting distribution for 'pytz==2026.3.post1'.
[   73.66] root: Downloading https://files.pythonhosted.org/packages/0f/7b/39c34ca613b0b198cb866466651b26b045e2009864c5183c979a3b83f383/pytz-2026.3.post1-py2.py3-none-any.whl#sha256=dd95840dd199baea12d9cc096a1d452caa6596a1c1e4b5f3dbd1541855d5e815
[   74.52] Got pytz 2026.3.post1.
[   74.53] root: Reading https://pypi.org/simple/zope-cachedescriptors/
[   74.60] Getting distribution for 'zope.cachedescriptors==6.0'.
[   74.60] root: Downloading https://files.pythonhosted.org/packages/06/86/6d2180496ffb40c006120c4042e2702b9fcd525cb66fa46ea41bf51f8085/zope_cachedescriptors-6.0-py3-none-any.whl#sha256=23c6c276d756ac017e7a72a736a292415bd64d63f90dc8f9a8122ac05e4d1a52
[   74.91] Got zope.cachedescriptors 6.0.
[   74.91] root: Reading https://pypi.org/simple/zope-deprecation/
[   74.98] Getting distribution for 'zope.deprecation==6.0'.
[   74.98] root: Downloading https://files.pythonhosted.org/packages/e9/ed/da7f8b1c73caf989a0ff7096cc73c59e6c36f35a8f967c51104098602e2d/zope_deprecation-6.0-py3-none-any.whl#sha256=ff72d51c88b516b9ddf2cfb826381cc49f99a6a89b7d35c97faca7bee3b46da6
[   75.36] Got zope.deprecation 6.0.
[   75.36] root: Reading https://pypi.org/simple/zope-annotation/
[   75.48] Getting distribution for 'zope.annotation==6.0'.
[   75.48] root: Downloading https://files.pythonhosted.org/packages/d5/1d/6c9cc56a9ab110317fc38a48f430654a07459a4336fd25e5f953f6661ed5/zope_annotation-6.0-py3-none-any.whl#sha256=cf7343602307e0edf31b2722e5d5da39ada49dc59104f013ad69cb6cf1005164
[   75.87] Got zope.annotation 6.0.
[   75.87] root: Reading https://pypi.org/simple/python-gettext/
[   76.39] Getting distribution for 'python-gettext==5.0'.
[   76.39] root: Downloading https://files.pythonhosted.org/packages/0d/e7/70b80ec3480b9c453366a396e31eaa2f00b5a6824e1600d23f796e848b6b/python_gettext-5.0-py3-none-any.whl#sha256=083d4c72c5e72a6bd83b0570770792b9a1e572d8ab3e9cba554e0cd4781aa84a
[   76.73] Got python-gettext 5.0.
[   76.74] root: Reading https://pypi.org/simple/zope-filerepresentation/
[   76.95] Getting distribution for 'zope.filerepresentation==7.0'.
[   76.95] root: Downloading https://files.pythonhosted.org/packages/2c/93/d90e2cce3703cbcb3491b6d94b8a6596596567450b3f07894014e528cdb5/zope_filerepresentation-7.0-py3-none-any.whl#sha256=2d4f241a87ef87987f065489654a00481758a278d8f8eac23127739a198389c0
[   77.37] Got zope.filerepresentation 7.0.
[   77.37] root: Reading https://pypi.org/simple/zope-dottedname/
[   77.50] Getting distribution for 'zope.dottedname==7.1'.
[   77.50] root: Downloading https://files.pythonhosted.org/packages/35/e0/d8ecb3b8ea87679f75040373c5412199a2f02619ddcbe2a58901d59c625f/zope_dottedname-7.1-py3-none-any.whl#sha256=6d1f5b13634c18c37d8420bc5aac2faaab1b0aca4790bf35cdc456004a100596
[   77.81] Got zope.dottedname 7.1.
[   77.82] root: Reading https://pypi.org/simple/zope-hookable/
[   78.13] Getting distribution for 'zope.hookable==8.2'.
[   78.13] root: Downloading https://files.pythonhosted.org/packages/b5/3b/f5b32ebd4ea92822b0adb84e91546ba4c88f07e124da6cccc25bae3205fe/zope_hookable-8.2-cp313-cp313-macosx_11_0_arm64.whl#sha256=1c93796a40b5c962963fe5351971058287376356999fab49901916861b6d15ef
[   78.52] Got zope.hookable 8.2.
[   78.52] root: Reading https://pypi.org/simple/zope-structuredtext/
[   78.74] Getting distribution for 'zope.structuredtext==6.0'.
[   78.74] root: Downloading https://files.pythonhosted.org/packages/36/41/a37ac4c1b5d5047a6810136a4ce931a937f2856889c7e23bc2fd1d5ed602/zope_structuredtext-6.0-py3-none-any.whl#sha256=a62999493901d840b100dd19ec2f1a6de4aa608e93dd0cb4cc7a83272ec015a2
[   79.10] Got zope.structuredtext 6.0.
[   79.10] root: Reading https://pypi.org/simple/roman/
[   79.21] Getting distribution for 'roman==5.2'.
[   79.21] root: Downloading https://files.pythonhosted.org/packages/10/14/ea3cdd7276fcd731a9003fe4abeb6b395a38110ddff6a6a509f4ee00f741/roman-5.2-py3-none-any.whl#sha256=89d3b47400388806d06ff77ea77c79ab080bc127820dea6bf34e1f1c1b8e676e
[   79.54] Got roman 5.2.
[   79.54] root: Reading https://pypi.org/simple/authencoding/
[   79.61] Getting distribution for 'AuthEncoding==6.0'.
[   79.61] root: Downloading https://files.pythonhosted.org/packages/65/15/716495cf0759c1dd8e449afb26cda840e3378b7b5afd47f63c8045434d1e/AuthEncoding-6.0-py3-none-any.whl#sha256=4c1a8c3db8222a9892a947d77fde7db3b4be224bbcf0765762e44abdb4da3a0c
[   79.93] Got AuthEncoding 6.0.
[   79.93] root: Reading https://pypi.org/simple/pycparser/
[   80.22] Getting distribution for 'pycparser==3.0; implementation_name != "PyPy"'.
[   80.22] root: Downloading https://files.pythonhosted.org/packages/0c/c3/44f3fbbfa403ea2a7c779186dc20772604442dde72947e7d01069cbe98e3/pycparser-3.0-py3-none-any.whl#sha256=b727414169a36b7d524c1c3e31839a521725078d7b2ff038656844266160a992
[   80.66] Got pycparser 3.0.
[   80.66] root: Reading https://pypi.org/simple/webob/
[   81.20] Getting distribution for 'webob==1.8.11'.
[   81.20] root: Downloading https://files.pythonhosted.org/packages/c1/71/370a65bc7726a1cbf478445c898c7affe907aa42e2e9e5bb38319db74115/webob-1.8.11-py2.py3-none-any.whl#sha256=4addd1d38d6a7fbe0eda22d45f25a40d74c8b290f3a99c0ac3d4023cf21f2da2
[   81.68] Got WebOb 1.8.11.
[   81.68] root: Reading https://pypi.org/simple/typing-extensions/
[   81.96] Getting distribution for 'typing-extensions==4.16.0'.
[   81.96] root: Downloading https://files.pythonhosted.org/packages/49/d3/b8441a820a491ddfc024b0b0cf0393375b75ea13866d9c66727e54c2fc80/typing_extensions-4.16.0-py3-none-any.whl#sha256=481caa481374e813c1b176ada14e97f1f67a4539ce9cfeb3f350d78d6370c2e8
[   82.46] Got typing-extensions 4.16.0.
[   82.50] root: Reading https://pypi.org/simple/zc-recipe-testrunner/
[   82.69] Getting distribution for 'zc.recipe.testrunner==4.2.post1'.
[   82.69] root: Downloading https://files.pythonhosted.org/packages/d2/b1/256bcfdea32f5502656965d081d332257b6de2886ac24a3f19d170d0ffd9/zc_recipe_testrunner-4.2.post1-py3-none-any.whl#sha256=b72ee0262c89a6f41f9c7bb1450fee883f41377db33991fd2df833f5bbb65caa
[   83.09] <bench>/runs/bo-pip/.venv/lib/python3.13/site-packages/zc/buildout/easy_install.py:1130: UserWarning: Module zc was already imported from None, but <bench>/runs/bo-pip/eggs/v5/zc.recipe.testrunner-4.2.post1-py3.13-macosx-26.6-arm64.egg is being added to sys.path
[   83.09]   ws.add(_d, replace=True)
[   83.10] Got zc.recipe.testrunner 4.2.post1.
[   83.11] root: Reading https://pypi.org/simple/zope-testrunner/
[   83.28] Getting distribution for 'zope.testrunner==8.3'.
[   83.28] root: Downloading https://files.pythonhosted.org/packages/dd/9a/6a88126959e57676e9bc58f27d54a334e25bf3a6e39c598068681df06bb1/zope_testrunner-8.3-py3-none-any.whl#sha256=33e73eb4dcfe064605ae9b8152ea1456931e1176aa49a2b2b9f51fef20ba71de
[   83.87] Got zope.testrunner 8.3.
[   83.89] root: Reading https://pypi.org/simple/collective-recipe-omelette/
[   84.07] Getting distribution for 'collective.recipe.omelette==3.0.0'.
[   84.07] root: Downloading https://files.pythonhosted.org/packages/20/15/7c21df6139a324501a6e10cd4726782cfc4326df3394b85cbf217c92f170/collective_recipe_omelette-3.0.0-py3-none-any.whl#sha256=ddd749a42ebc224a1645839c3ab4ec60344a71af5dce4c3a9692c6c2c043a914
[   84.48] Got collective.recipe.omelette 3.0.0.
[   84.51] root: Reading https://pypi.org/simple/collective-recipe-vscode/
[   84.78] Getting distribution for 'collective.recipe.vscode==0.1.9'.
[   84.78] root: Downloading https://files.pythonhosted.org/packages/60/7a/cfa6a6feaaab5cf578aa6699b3d8f74713913fb8685def334b675384e20c/collective.recipe.vscode-0.1.9-py2.py3-none-any.whl#sha256=d04bcfd18bd511c210740ca9681ebb5cbcf779549d3532207d16278499c5cfe4
[   85.14] Got collective.recipe.vscode 0.1.9.
[   85.86] Installing _mr.developer.
[   85.88] Generated script '<bench>/runs/bo-pip/bin/develop'.
[   85.88] Installing instance.
[   85.89] root: Reading https://pypi.org/simple/zodbverify/
[   85.97] Getting distribution for 'zodbverify==1.2.1'.
[   85.97] root: Downloading https://files.pythonhosted.org/packages/bf/8f/5765ceafc67c219d27c95b8b02dbda5a2e32611157fa955657fc2177d27a/zodbverify-1.2.1-py2.py3-none-any.whl#sha256=6c37c2e427721073569e3eb43983f1ac1ddf2a20d64d8ff02c884a2d692752f6
[   86.26] Got zodbverify 1.2.1.
[   86.26] root: Reading https://pypi.org/simple/pdbpp/
[   86.46] Getting distribution for 'pdbpp==0.12.1'.
[   86.46] root: Downloading https://files.pythonhosted.org/packages/05/4e/0703722c46447fa03c9425386b3ef3e90254a7c1eb5da654c3c33b210317/pdbpp-0.12.1-py3-none-any.whl#sha256=3828809519439f468c9475c4c2cbb3899f2f5ba40e79c207d90eabe4c2373f5e
[   86.76] Got pdbpp 0.12.1.
[   86.77] root: Reading https://pypi.org/simple/pygments/
[   87.11] Getting distribution for 'pygments==2.20.0'.
[   87.11] root: Downloading https://files.pythonhosted.org/packages/f4/7e/a72dd26f3b0f4f2bf1dd8923c85f7ceb43172af56d63c7383eb62b332364/pygments-2.20.0-py3-none-any.whl#sha256=81a9e26dd42fd28a23a2d169d86d7ac03b46e2f8b59ed4698fb4785f946d0176
[   88.50] Got Pygments 2.20.0.
[   88.50] root: Reading https://pypi.org/simple/fancycompleter/
[   88.69] Getting distribution for 'fancycompleter==0.11.1'.
[   88.69] root: Downloading https://files.pythonhosted.org/packages/30/c3/6f0e3896f193528bbd2b4d2122d4be8108a37efab0b8475855556a8c4afa/fancycompleter-0.11.1-py3-none-any.whl#sha256=44243d7fab37087208ca5acacf8f74c0aa4d733d04d593857873af7513cdf8a6
[   89.02] Got fancycompleter 0.11.1.
[   89.02] root: Reading https://pypi.org/simple/products-cmfplacefulworkflow/
[   89.12] Getting distribution for 'Products.CMFPlacefulWorkflow==4.0.0'.
[   89.12] root: Downloading https://files.pythonhosted.org/packages/b7/1a/d72b7eee21ea5a6d23611c749a73d95761a7c9eb24bae38660ca89cdd8d0/products_cmfplacefulworkflow-4.0.0-py3-none-any.whl#sha256=11238b1064f82d07a8e2b2c6ec5281d31a470050e79790760f8eeeb63e8bb8f5
[   89.63] Got Products.CMFPlacefulWorkflow 4.0.0.
[   89.63] root: Reading https://pypi.org/simple/plone-volto/
[   89.84] Getting distribution for 'plone.volto==6.0.1'.
[   89.84] root: Downloading https://files.pythonhosted.org/packages/3c/7d/213aa5f209956b8cf2ba196ca1739cf7bf84a31cd8f68b00b77b01c0c8d5/plone_volto-6.0.1-py3-none-any.whl#sha256=e232b8c614887951044ceaec519504776f6c2cd04c9a8e905e8d208a8ba415df
[   90.46] Got plone.volto 6.0.1.
[   90.46] root: Reading https://pypi.org/simple/plone-classicui/
[   90.70] Getting distribution for 'plone.classicui==2.0.0'.
[   90.71] root: Downloading https://files.pythonhosted.org/packages/ed/71/46210a7f244f25886215616af7cf6387467cf5992dfb54db8cb1e8c54698/plone_classicui-2.0.0-py3-none-any.whl#sha256=29c8d435c600d3585182e09f76304a359895070c5052a5896012b7301b76c259
[   91.15] Got plone.classicui 2.0.0.
[   91.16] root: Reading https://pypi.org/simple/plone-app-multilingual/
[   91.32] Getting distribution for 'plone.app.multilingual==9.0.2'.
[   91.32] root: Downloading https://files.pythonhosted.org/packages/bb/ce/6df2b289eee7c51722d0d511a35fe01334a8fb0e63ee7feb0e59a2b61f4b/plone_app_multilingual-9.0.2-py3-none-any.whl#sha256=bce79ab36bcb17968ac1b21507b637440278376d032801e7e0dad8c20cd28937
[   91.98] Got plone.app.multilingual 9.0.2.
[   91.98] root: Reading https://pypi.org/simple/plone-app-iterate/
[   92.32] Getting distribution for 'plone.app.iterate==7.0.0'.
[   92.32] root: Downloading https://files.pythonhosted.org/packages/b5/17/c92353742db001d02943fc4409959619b3a6c794ee26c085dee7ce25378a/plone_app_iterate-7.0.0-py3-none-any.whl#sha256=435ffa26ea491ea836f1799cb21502660d5e87afe80fd51c74a56f9afce2979e
[   92.72] Got plone.app.iterate 7.0.0.
[   92.72] root: Reading https://pypi.org/simple/plone-app-discussion/
[   92.94] Getting distribution for 'plone.app.discussion==6.0.1'.
[   92.94] root: Downloading https://files.pythonhosted.org/packages/07/cb/07138a5605de900c6853ca15a41c8f72b5b958e35d6c21125d73aef39c80/plone_app_discussion-6.0.1-py3-none-any.whl#sha256=c79006fbc5d79e2371504e7217da971756417e8d7cb4db1765eb4dd71cd472d9
[   93.35] Got plone.app.discussion 6.0.1.
[   93.35] root: Reading https://pypi.org/simple/plone-app-caching/
[   93.73] Getting distribution for 'plone.app.caching==5.0.0'.
[   93.73] root: Downloading https://files.pythonhosted.org/packages/f0/79/6a9bdf5bef2655fbde16c41a3d24184c99c95c970e7dd468fc51bd13a9ce/plone_app_caching-5.0.0-py3-none-any.whl#sha256=97af76cbbdc898d51f6c4900c7d4c4d9e3cc04754567cc0f232cb44fcdc2aa55
[   94.19] Got plone.app.caching 5.0.0.
[   94.28] root: Reading https://pypi.org/simple/zope-ramcache/
[   94.39] Getting distribution for 'zope.ramcache==4.0'.
[   94.39] root: Downloading https://files.pythonhosted.org/packages/10/05/1b7279c029463e14872eefe53128cb7c4665abb035193bb9ce7c369f2e85/zope_ramcache-4.0-py3-none-any.whl#sha256=a28e34b410fc8251c66bd82b0078eef8caa0744b93f404d827e180ae592fbb91
[   94.78] Got zope.ramcache 4.0.
[   94.78] root: Reading https://pypi.org/simple/zope-intid/
[   94.85] Getting distribution for 'zope.intid==6.0'.
[   94.85] root: Downloading https://files.pythonhosted.org/packages/59/56/1e613c35e93f80a7e68cafe3ca7889f3b2c78a15bb4193392e877c796f53/zope_intid-6.0-py3-none-any.whl#sha256=d136851c0d3766698ced6c8fd0411d25107de61b956cd5843d41fc4830b90b13
[   95.23] Got zope.intid 6.0.
[   95.24] root: Reading https://pypi.org/simple/zope-app-locales/
[   95.32] Getting distribution for 'zope.app.locales==6.0'.
[   95.32] root: Downloading https://files.pythonhosted.org/packages/4b/9c/231e5cb457bd07f7210eab04587df00bd16a85c17572bbe8aae1aaf3bb86/zope_app_locales-6.0-py3-none-any.whl#sha256=3c29d7a5dee1ef94cb5c954c6feb219daac9ba51c9061125ffd514bbafa625fe
[   96.00] Got zope.app.locales 6.0.
[   96.00] root: Reading https://pypi.org/simple/zc-relation/
[   96.12] Getting distribution for 'zc.relation==3.0'.
[   96.12] root: Downloading https://files.pythonhosted.org/packages/e8/c4/2358c6ae33199051ebb6d92f5ac3eac5bc3b58a7c8f441ffd0f88e8eca34/zc_relation-3.0-py3-none-any.whl#sha256=1fd2a8c5388517be322c3ed4e633a7a765f7010ee07d8f3a2e334269ddb5483b
[   96.65] Got zc.relation 3.0.
[   96.66] root: Reading https://pypi.org/simple/z3c-relationfield/
[   96.84] Getting distribution for 'z3c.relationfield==3.1'.
[   96.84] root: Downloading https://files.pythonhosted.org/packages/0c/f6/5520e67342252ed52087f2ca562e6407b88f14656635cfac951adadde751/z3c_relationfield-3.1-py3-none-any.whl#sha256=d5d668242c0f1d414a40dd9ead413371604efe5a05ee3928f91f58a57c264ab4
[   97.22] Got z3c.relationfield 3.1.
[   97.23] root: Reading https://pypi.org/simple/z3c-form/
[   97.51] Getting distribution for 'z3c.form==6.1'.
[   97.51] root: Downloading https://files.pythonhosted.org/packages/36/15/b4e8e45423192628cc1d6758c257a1e96203550ed3967cd12eda601dd06a/z3c_form-6.1-py3-none-any.whl#sha256=ed70a36c56a1066cfcd6adb3dcb5763248a9e8d703639f8f9d0e12e92e08dd3a
[   98.05] Got z3c.form 6.1.
[   98.05] root: Reading https://pypi.org/simple/z3c-caching/
[   98.26] Getting distribution for 'z3c.caching==4.0'.
[   98.26] root: Downloading https://files.pythonhosted.org/packages/b2/29/0ad88fd34fe44e9c8a2e542badf09f0b0ca35deaabca6503735cf5296de0/z3c_caching-4.0-py3-none-any.whl#sha256=c3eed86997c38456a0e38e920c263570d2f0be8cff1e22696b39c593cafb5d7e
[   98.73] Got z3c.caching 4.0.
[   98.73] root: Reading https://pypi.org/simple/webresource/
[   98.93] Getting distribution for 'webresource==2.0.0'.
[   98.93] root: Downloading https://files.pythonhosted.org/packages/00/e3/ba3b27c02f4b0b44571ec544a5a87eae0e5d6f877cd702d8531efe52acfb/webresource-2.0.0-py2.py3-none-any.whl#sha256=66da079f7840575e316461f8c2ebe2db5e9712104cb7f7d83a847a6f21efbc74
[   99.28] Got webresource 2.0.0.
[   99.28] root: Reading https://pypi.org/simple/products-zcatalog/
[   99.63] Getting distribution for 'Products.ZCatalog==7.4'.
[   99.63] root: Downloading https://files.pythonhosted.org/packages/0e/ef/9ab7c8066a6593d72b7d34f7b5c2320a640b9325e130dd7a2d0022f4cad6/products_zcatalog-7.4-py3-none-any.whl#sha256=89e75e62fcdfc20c27d6852117a1dfb6eff48785c5cacfcda1926a9c56330496
[  100.16] Got Products.ZCatalog 7.4.
[  100.16] root: Reading https://pypi.org/simple/products-statusmessages/
[  100.34] Getting distribution for 'Products.statusmessages==6.0.0'.
[  100.34] root: Downloading https://files.pythonhosted.org/packages/e8/29/a8d049b28f9da190f24f441d8023f27a5cee85a36a19cba471d9761ddd76/products_statusmessages-6.0.0-py3-none-any.whl#sha256=7616dfb463532681ba81e02b593edf3c626f447fe2819f472e2db9a2729c00ab
[  100.81] Got Products.statusmessages 6.0.0.
[  100.81] root: Reading https://pypi.org/simple/products-siteerrorlog/
[  100.90] Getting distribution for 'Products.SiteErrorLog==7.0'.
[  100.90] root: Downloading https://files.pythonhosted.org/packages/03/fd/5c84c34a8bb456f1d21fdc338bfeaa9c375a0a13acd41028ffecb4b18077/products_siteerrorlog-7.0-py3-none-any.whl#sha256=58cbe18d39fceac298a3bbb17829ae696bfaaef8cfbdb2fb8687c4a7d2dd7efa
[  101.29] Got Products.SiteErrorLog 7.0.
[  101.29] root: Reading https://pypi.org/simple/products-portaltransforms/
[  101.58] Getting distribution for 'Products.PortalTransforms==5.0.0'.
[  101.58] root: Downloading https://files.pythonhosted.org/packages/d5/59/34b754926dc18c08d2becd0c9d7846483f6208f650d09d88e89c2307806b/products_portaltransforms-5.0.0-py3-none-any.whl#sha256=fbf6d6f48d8c676c8d525ec6cad1a88fe8e3083124b77cfccc2fc515a2555d92
[  102.07] Got Products.PortalTransforms 5.0.0.
[  102.07] root: Reading https://pypi.org/simple/products-pluggableauthservice/
[  102.32] Getting distribution for 'Products.PluggableAuthService==4.2.2'.
[  102.32] root: Downloading https://files.pythonhosted.org/packages/83/34/1baefa3d301f4687be5f1606db14eae816c81e40df7b0f6d44104101ec33/products_pluggableauthservice-4.2.2-py3-none-any.whl#sha256=e393fb55649d4f19c5626d02e41bde241fdb731e27b5b7b1b07ab50177c3f441
[  102.98] Got Products.PluggableAuthService 4.2.2.
[  102.98] root: Reading https://pypi.org/simple/products-plonepas/
[  103.32] Getting distribution for 'Products.PlonePAS==9.0.0'.
[  103.32] root: Downloading https://files.pythonhosted.org/packages/cb/a0/72b4a861c253c42f82c86f89941a55aa7695490018c320c21aba419b35dd/products_plonepas-9.0.0-py3-none-any.whl#sha256=5ccfdb4e486d5820c2cf789316402be7dbda03c74a55e4bc94d1b277b74ce7ec
[  103.82] Got Products.PlonePAS 9.0.0.
[  103.82] root: Reading https://pypi.org/simple/products-mimetypesregistry/
[  103.94] Getting distribution for 'Products.MimetypesRegistry==4.0.0'.
[  103.94] root: Downloading https://files.pythonhosted.org/packages/9b/9f/174f02e148e1a78756fe1be788f41f156eb2720566afe979a596b6044869/products_mimetypesregistry-4.0.0-py3-none-any.whl#sha256=84ac9e0780a201898c319db5835443e71cde3541e5d50e07b767bee67c8600c7
[  104.61] Got Products.MimetypesRegistry 4.0.0.
[  104.61] root: Reading https://pypi.org/simple/products-isurlinportal/
[  104.81] Getting distribution for 'Products.isurlinportal==4.0.0'.
[  104.82] root: Downloading https://files.pythonhosted.org/packages/49/7e/0a0790c04ef20a9e4f2032340f7504698723423e96213df6bdaaf7255518/products_isurlinportal-4.0.0-py3-none-any.whl#sha256=25624f63bd55b8832a198a2f561982980950c3b77c1e0f22001451ca1b15c88d
[  105.19] Got Products.isurlinportal 4.0.0.
[  105.19] root: Reading https://pypi.org/simple/products-extendedpathindex/
[  105.43] Getting distribution for 'Products.ExtendedPathIndex==6.0.0'.
[  105.43] root: Downloading https://files.pythonhosted.org/packages/c5/04/3a01a5dc79109912fb3ac106080bb90667031fe71f1ef6551781a726201b/products_extendedpathindex-6.0.0-py3-none-any.whl#sha256=c5c98943c9d22ebeda1afc7204b0c2812980fc84ca71a417425b4d0365889de2
[  105.79] Got Products.ExtendedPathIndex 6.0.0.
[  105.79] root: Reading https://pypi.org/simple/products-dcworkflow/
[  105.98] Getting distribution for 'Products.DCWorkflow==4.0'.
[  105.98] root: Downloading https://files.pythonhosted.org/packages/e2/da/51eac9aac72cfa00df68ae2e8711683cfc03cc0b92bd3cd87fd6d95ad246/products_dcworkflow-4.0-py3-none-any.whl#sha256=e64bded683068ba4600c4efd775485ec309c700da0b869b4f0666f93b7b6644c
[  106.46] Got Products.DCWorkflow 4.0.
[  106.46] root: Reading https://pypi.org/simple/products-cmfcore/
[  106.54] Getting distribution for 'Products.CMFCore==3.8'.
[  106.54] root: Downloading https://files.pythonhosted.org/packages/88/67/59733e8116be840ab265e143ee88d8f01614d6159310904d2d10e03baced/products_cmfcore-3.8-py3-none-any.whl#sha256=bc7fb60e069d9ab05cd0a268cdd81a2a2c682882fd7093c45930a8352e2097d0
[  107.46] Got Products.CMFCore 3.8.
[  107.46] root: Reading https://pypi.org/simple/products-cmfeditions/
[  107.68] Getting distribution for 'Products.CMFEditions==5.0.0'.
[  107.68] root: Downloading https://files.pythonhosted.org/packages/97/62/869b91ff33a65bbf4cdb2571c2b9a582b8740bc1cab0ae1cfbbe28385f5a/products_cmfeditions-5.0.0-py3-none-any.whl#sha256=9ed5497e9c3a2ef81634b3d2f18d0838c5fdceb3912d132f9b3a62baf117743c
[  108.33] Got Products.CMFEditions 5.0.0.
[  108.33] root: Reading https://pypi.org/simple/plonetheme-barceloneta/
[  108.56] Getting distribution for 'plonetheme.barceloneta==4.1.1'.
[  108.56] root: Downloading https://files.pythonhosted.org/packages/46/32/6305bfbb56e6c193e22d89ebd31d70d2ff37c15bac8a3b9da55f57c5ad36/plonetheme_barceloneta-4.1.1-py3-none-any.whl#sha256=479278178c4eece932563222af509c97f9bd6288c9d946eddf3261e3699e2c75
[  109.49] Got plonetheme.barceloneta 4.1.1.
[  109.49] root: Reading https://pypi.org/simple/plone-uuid/
[  109.94] Getting distribution for 'plone.uuid==3.0.0'.
[  109.94] root: Downloading https://files.pythonhosted.org/packages/43/c4/34ca960715df4d75cd92979bb6dff602f25bdc0bcb057c6584f988bc6c03/plone_uuid-3.0.0-py3-none-any.whl#sha256=da5a05db10ce645bea952bb92e9a51c74ec91749692b0c71b35fc568b4a62c7a
[  110.33] Got plone.uuid 3.0.0.
[  110.33] root: Reading https://pypi.org/simple/plone-theme/
[  110.61] Getting distribution for 'plone.theme==5.0.0'.
[  110.61] root: Downloading https://files.pythonhosted.org/packages/a7/64/072ea9e15b3be025a2db64ffeea1500a8d122457330a9565ee64c73e6465/plone_theme-5.0.0-py3-none-any.whl#sha256=2b63aebb513e799ea79163f681a9e1ec4429b57fed05f1c587bfeffdf2f0b80e
[  111.00] Got plone.theme 5.0.0.
[  111.00] root: Reading https://pypi.org/simple/plone-subrequest/
[  111.33] Getting distribution for 'plone.subrequest==3.0.0'.
[  111.33] root: Downloading https://files.pythonhosted.org/packages/e0/1f/d870324de06a61a1631a978bf782647f5144a5510312e72a7cf4d77a7c01/plone_subrequest-3.0.0-py3-none-any.whl#sha256=18821d6edac98500176306d9613e51b1c2e3760db50451845cc83a94466b8b46
[  111.67] Got plone.subrequest 3.0.0.
[  111.68] root: Reading https://pypi.org/simple/plone-staticresources/
[  111.92] Getting distribution for 'plone.staticresources==3.0.9'.
[  111.92] root: Downloading https://files.pythonhosted.org/packages/ce/45/2565e061270e52429aa33ea8744af5c7b306c0709c79f71daa59d7cfb562/plone_staticresources-3.0.9-py3-none-any.whl#sha256=98ad51418c336e075441806fecc1c9d8c773df1de30312831e9764ff0a98cb56
[  116.76] Got plone.staticresources 3.0.9.
[  116.77] root: Reading https://pypi.org/simple/plone-session/
[  117.15] Getting distribution for 'plone.session==5.1.0'.
[  117.15] root: Downloading https://files.pythonhosted.org/packages/b7/f7/532749e2dc97546bc983fd92313f56b15a7c748b50e285ce6deb9988c891/plone_session-5.1.0-py3-none-any.whl#sha256=98083aad9adfc29f9756cdeb7b881f2198e2ba87f7fc749b40c483763de5115c
[  117.78] Got plone.session 5.1.0.
[  117.78] root: Reading https://pypi.org/simple/plone-schema/
[  117.91] Getting distribution for 'plone.schema==3.0.0'.
[  117.91] root: Downloading https://files.pythonhosted.org/packages/25/2c/5cff3669ae1d911adb112f41449c7b13736046012dbf3d4b24869509dec7/plone_schema-3.0.0-py3-none-any.whl#sha256=3dfcd29aef38ec755cd46435d7b6323f176c1f1e381ba544a4443eac2dc41f9c
[  118.29] Got plone.schema 3.0.0.
[  118.30] root: Reading https://pypi.org/simple/plone-rfc822/
[  118.53] Getting distribution for 'plone.rfc822==4.0.0'.
[  118.53] root: Downloading https://files.pythonhosted.org/packages/59/5b/38801deb406ee75d0e24cb44dcd7b9ea1c37212a639bf54f36128e1d4c0c/plone_rfc822-4.0.0-py3-none-any.whl#sha256=f417be1130df3ba0db4e997f48232f2ec45bac8a17d1c2dce0e8639b8177fc9c
[  118.95] Got plone.rfc822 4.0.0.
[  118.95] root: Reading https://pypi.org/simple/plone-resource/
[  119.09] Getting distribution for 'plone.resource==4.0.0'.
[  119.09] root: Downloading https://files.pythonhosted.org/packages/ab/17/70f73a2243c897b924a70c79fdf3eb6aa4b978909a46542b7edbd8144437/plone_resource-4.0.0-py3-none-any.whl#sha256=1a035e2a9fb5a9601a88a9c275ae6aeda1a997a6460d27f772356926ce1d05b7
[  119.57] Got plone.resource 4.0.0.
[  119.57] root: Reading https://pypi.org/simple/plone-protect/
[  119.91] Getting distribution for 'plone.protect==6.0.0'.
[  119.91] root: Downloading https://files.pythonhosted.org/packages/fa/f2/6dfd1f5a601bfcae39627af2e2810b666316f4624245e959f3e95cf601f0/plone_protect-6.0.0-py3-none-any.whl#sha256=221c865ec6ba0e5c1ea66b6e9a33b8d1e5e7893c9a922eaec56b95e34207cca9
[  120.29] Got plone.protect 6.0.0.
[  120.29] root: Reading https://pypi.org/simple/plone-portlets/
[  120.57] Getting distribution for 'plone.portlets==4.0.0'.
[  120.57] root: Downloading https://files.pythonhosted.org/packages/82/28/84c66ee656b3fbf899b55aa99b9fe1d611e254f3b0b0c5d760bfe2f6aebe/plone_portlets-4.0.0-py3-none-any.whl#sha256=0b88c819c2ec09e4e0f9ef56464a3336da140a1630d48627ad36517cd48828e2
[  121.01] Got plone.portlets 4.0.0.
[  121.01] root: Reading https://pypi.org/simple/plone-portlet-static/
[  121.09] Getting distribution for 'plone.portlet.static==5.0.0'.
[  121.09] root: Downloading https://files.pythonhosted.org/packages/98/71/c952d3199f2531b248cd0742f9d405e1ccaa39a78de8788df1e04ddd1a7d/plone_portlet_static-5.0.0-py3-none-any.whl#sha256=d5b62291e5e66f6d575f63ae764f3378e215677dea65cdee55ee4e1f95519a5f
[  121.49] Got plone.portlet.static 5.0.0.
[  121.49] root: Reading https://pypi.org/simple/plone-portlet-collection/
[  121.68] Getting distribution for 'plone.portlet.collection==5.0.1'.
[  121.68] root: Downloading https://files.pythonhosted.org/packages/f9/54/cf6912be44580f003028a7cc38dbaa6089e4e87c8165adb973fd0998409d/plone_portlet_collection-5.0.1-py3-none-any.whl#sha256=84496d01f02fdb6bd4b43b142356853b6b85e01578d2d399e128a069b049889d
[  122.04] Got plone.portlet.collection 5.0.1.
[  122.04] root: Reading https://pypi.org/simple/plone-outputfilters/
[  122.35] Getting distribution for 'plone.outputfilters==6.0.1'.
[  122.35] root: Downloading https://files.pythonhosted.org/packages/8f/3e/6c36b7fb32a371d289def61cfc44e5a13a117ad74446a6dfcd6c0f5768f6/plone_outputfilters-6.0.1-py3-none-any.whl#sha256=65676de474b530bbb906211ac79183bcefff6a4520b4e5e4af3b0f75585d78ea
[  122.90] Got plone.outputfilters 6.0.1.
[  122.90] root: Reading https://pypi.org/simple/plone-namedfile/
[  123.27] Getting distribution for 'plone.namedfile==8.1.1'.
[  123.27] root: Downloading https://files.pythonhosted.org/packages/d5/90/8bbe33aaa08a9bde2966da413ed916d2b907805ad26c5899149b4e0f872c/plone_namedfile-8.1.1-py3-none-any.whl#sha256=cf9f24b00e822f4f4933a641551fe6c9a435dacb5bdeec931167572222952687
[  123.76] Got plone.namedfile 8.1.1.
[  123.76] root: Reading https://pypi.org/simple/plone-memoize/
[  124.11] Getting distribution for 'plone.memoize==4.0.0'.
[  124.11] root: Downloading https://files.pythonhosted.org/packages/82/a2/a898b980ef224b849cefd5905703063988ba5785b751db8abc66b70be046/plone_memoize-4.0.0-py3-none-any.whl#sha256=caf613fd34e3428434a76cf7098a8a3a25e01bd40f4496caa03be5551ef7f316
[  124.47] Got plone.memoize 4.0.0.
[  124.47] root: Reading https://pypi.org/simple/plone-locking/
[  124.83] Getting distribution for 'plone.locking==4.0.0'.
[  124.83] root: Downloading https://files.pythonhosted.org/packages/a1/35/b73f588786178a37bd0913d31a59d7a9bfcbc2877ee377984e9b0beaf1b1/plone_locking-4.0.0-py3-none-any.whl#sha256=9e8c49de2d6d7124d8b53ebdbddfd4636bb5229f2d07277c21b161068a92e2ae
[  125.20] Got plone.locking 4.0.0.
[  125.20] root: Reading https://pypi.org/simple/plone-keyring/
[  125.37] Getting distribution for 'plone.keyring==5.0.0'.
[  125.37] root: Downloading https://files.pythonhosted.org/packages/ec/ad/94bd2d63d91633976cd0a66fb70cabbce5d46b483dd888d0f300959f0418/plone_keyring-5.0.0-py3-none-any.whl#sha256=b957d103b039732c4bbe1c93d49ff2072c1a5c6a7aeed6a7aa27c8696a61e538
[  125.82] Got plone.keyring 5.0.0.
[  125.82] root: Reading https://pypi.org/simple/plone-intelligenttext/
[  126.06] Getting distribution for 'plone.intelligenttext==5.0.0'.
[  126.06] root: Downloading https://files.pythonhosted.org/packages/8e/c3/6c376877145043cb463e496969cf60c84940cbe75d9bfa674f9950f9f88b/plone_intelligenttext-5.0.0-py3-none-any.whl#sha256=b0a1b7eccf1aa25eba6869331a9a84a941e1e9738a767638f1998547635f792f
[  126.52] Got plone.intelligenttext 5.0.0.
[  126.52] root: Reading https://pypi.org/simple/plone-indexer/
[  126.74] Getting distribution for 'plone.indexer==3.0.0'.
[  126.75] root: Downloading https://files.pythonhosted.org/packages/e0/5f/4168268f9b537a69afc76767f1a99b772b3ee59b915042da7b78cb6a800c/plone_indexer-3.0.0-py3-none-any.whl#sha256=ce86850a44a305d189fc59b6893916ad3f90c7fa73433fd23cf364aecdb21793
[  127.15] Got plone.indexer 3.0.0.
[  127.15] root: Reading https://pypi.org/simple/plone-i18n/
[  127.45] Getting distribution for 'plone.i18n==6.0.0'.
[  127.45] root: Downloading https://files.pythonhosted.org/packages/8c/25/9ed63f339a5b3fca5263100180d4d27dc2bf3d618de76ac05ac81f0ef8d7/plone_i18n-6.0.0-py3-none-any.whl#sha256=78ca52ac6df86d82c6bc4025effabd26c27ec2ab8d643222bd4b3221e38a9428
[  128.02] Got plone.i18n 6.0.0.
[  128.02] root: Reading https://pypi.org/simple/plone-formwidget-namedfile/
[  128.11] Getting distribution for 'plone.formwidget.namedfile==4.0.0'.
[  128.11] root: Downloading https://files.pythonhosted.org/packages/73/fa/93e6b79cb60865ee0d7a941b075145bba77179ee06341ae35bc3af05bcee/plone_formwidget_namedfile-4.0.0-py3-none-any.whl#sha256=9bd52bc86678c6ddd5509ef22d8e1991e3bc0d12791b2013788bf3701c221e85
[  128.60] Got plone.formwidget.namedfile 4.0.0.
[  128.60] root: Reading https://pypi.org/simple/plone-folder/
[  128.68] Getting distribution for 'plone.folder==5.0.0'.
[  128.68] root: Downloading https://files.pythonhosted.org/packages/d1/8f/88014876ab34cd81adb4fb7578ed7ca55082f4afb28efdd0f4649939afe7/plone_folder-5.0.0-py3-none-any.whl#sha256=d02acb45326c59a92dca17e9338364653b605ac7c5b33c58835de09b6cbaa23b
[  129.16] Got plone.folder 5.0.0.
[  129.16] root: Reading https://pypi.org/simple/plone-dexterity/
[  129.44] Getting distribution for 'plone.dexterity==4.0.0'.
[  129.44] root: Downloading https://files.pythonhosted.org/packages/f7/47/cad7cc4a9281e94774d3bc2af2f6b4739dfdd13fdffa46cb152317e77e81/plone_dexterity-4.0.0-py3-none-any.whl#sha256=f629b79adbccb30e50818ceb0840ded1d49e5ce09317886a5befc8f12adcf98c
[  130.03] Got plone.dexterity 4.0.0.
[  130.03] root: Reading https://pypi.org/simple/plone-contentrules/
[  130.30] Getting distribution for 'plone.contentrules==4.0.0'.
[  130.30] root: Downloading https://files.pythonhosted.org/packages/77/0a/01e27edba2af14ed1fec15aac251d07e5e5d0fae8724543423dbc4f4eb68/plone_contentrules-4.0.0-py3-none-any.whl#sha256=8c47bf637961b4463509369ca53685f959c24e22601ebc9a0fd3566c4fb6088f
[  130.84] Got plone.contentrules 4.0.0.
[  130.84] root: Reading https://pypi.org/simple/plone-browserlayer/
[  131.00] Getting distribution for 'plone.browserlayer==4.0.0'.
[  131.00] root: Downloading https://files.pythonhosted.org/packages/ee/f1/85dcfe2f476b43c27cf4a47f59426c1119454e9a34a39b672eed2c5783ba/plone_browserlayer-4.0.0-py3-none-any.whl#sha256=90dd93fb565703a005263a87e7fd89b08596e03c32d5e76b9c7355d3409ad642
[  131.38] Got plone.browserlayer 4.0.0.
[  131.38] root: Reading https://pypi.org/simple/plone-base/
[  131.51] Getting distribution for 'plone.base==4.0.2'.
[  131.51] root: Downloading https://files.pythonhosted.org/packages/77/d7/2c9767f47d8aa83eec9aa1abdb78e3f57e571d1ed1cc4260b0a84b1d12ed/plone_base-4.0.2-py3-none-any.whl#sha256=35d5b0acc7f70b9a6ea96af7dccecc699f6c3a72f7b83217d411c444122dcda8
[  132.01] Got plone.base 4.0.2.
[  132.01] root: Reading https://pypi.org/simple/plone-autoinclude/
[  132.22] Getting distribution for 'plone.autoinclude==3.0.0'.
[  132.22] root: Downloading https://files.pythonhosted.org/packages/00/6a/80de6b95a4e6fd4a38d1f86a58f68c71c12224fa3fd492e50006a7dd1811/plone_autoinclude-3.0.0-py3-none-any.whl#sha256=c766171ea0bb87f3c7cce7a50d0d696e620d8208232e73f75fe881f24e349b79
[  132.64] Got plone.autoinclude 3.0.0.
[  132.64] root: Reading https://pypi.org/simple/plone-autoform/
[  132.86] Getting distribution for 'plone.autoform==3.0.1'.
[  132.86] root: Downloading https://files.pythonhosted.org/packages/26/5a/3ee236cda0033d08e29ef6324c3f72898ad02fa85e4afc8255b432dcb1ab/plone_autoform-3.0.1-py3-none-any.whl#sha256=7d38d08bb1c08fb5f756adb32244c9a56a4221df67c5ca3bc5fb3ff047c3d5eb
[  133.42] Got plone.autoform 3.0.1.
[  133.42] root: Reading https://pypi.org/simple/plone-app-z3cform/
[  133.78] Getting distribution for 'plone.app.z3cform==5.0.2'.
[  133.78] root: Downloading https://files.pythonhosted.org/packages/5e/69/759f740a93ed71f3c85818682ce23b086bc201fbeacaadd45caa1e067200/plone_app_z3cform-5.0.2-py3-none-any.whl#sha256=f7bb3c30db72efa3f40473cc7d3ce9bbf2f6de903e303702943bb36589d38fa5
[  134.78] Got plone.app.z3cform 5.0.2.
[  134.78] root: Reading https://pypi.org/simple/plone-app-workflow/
[  135.13] Getting distribution for 'plone.app.workflow==6.0.0'.
[  135.13] root: Downloading https://files.pythonhosted.org/packages/e3/30/1511db3606ed785c15013017bfc3306575e758e354ec9f8f4aae6912c6f8/plone_app_workflow-6.0.0-py3-none-any.whl#sha256=aa389db0cf08bd864eb47b500794b15127a28b7edf02dbdaf802d2bc69c3cbd3
[  135.60] Got plone.app.workflow 6.0.0.
[  135.60] root: Reading https://pypi.org/simple/plone-app-vocabularies/
[  135.87] Getting distribution for 'plone.app.vocabularies==7.0.0'.
[  135.87] root: Downloading https://files.pythonhosted.org/packages/8a/85/ff91f25d43956c52f178d453b3bae6ab2ed43894f105f185dbbfebb87fc2/plone_app_vocabularies-7.0.0-py3-none-any.whl#sha256=8e16d027938d419f0fd842e47c67972d48e8578401d05b308c166dfddad42dc3
[  136.38] Got plone.app.vocabularies 7.0.0.
[  136.39] root: Reading https://pypi.org/simple/plone-app-viewletmanager/
[  136.58] Getting distribution for 'plone.app.viewletmanager==5.0.0'.
[  136.58] root: Downloading https://files.pythonhosted.org/packages/c1/ec/7cc18a03d4143c49d36ce8ad1dc20c0dafcb17403a58b1287a68b7ed784c/plone_app_viewletmanager-5.0.0-py3-none-any.whl#sha256=d2b49c0db8c441ad61bfedf1ff597cd96b78148d1af08f0de302e04d1ebf893a
[  137.12] Got plone.app.viewletmanager 5.0.0.
[  137.12] root: Reading https://pypi.org/simple/plone-app-uuid/
[  137.41] Getting distribution for 'plone.app.uuid==3.0.0'.
[  137.41] root: Downloading https://files.pythonhosted.org/packages/2d/83/94ec21249768a4decfb3b3e0160e0327736b5b498dd25c44a84c65480d38/plone_app_uuid-3.0.0-py3-none-any.whl#sha256=b208000952059e7b37bd4e033c0c08162c47aeb1b7fa3c3d915650773ea62968
[  137.92] Got plone.app.uuid 3.0.0.
[  137.92] root: Reading https://pypi.org/simple/plone-app-users/
[  138.03] Getting distribution for 'plone.app.users==4.0.0'.
[  138.03] root: Downloading https://files.pythonhosted.org/packages/59/f0/eddc63456c489c71d1606da3c8e05aee196a41bd3604fd19debddef5a380/plone_app_users-4.0.0-py3-none-any.whl#sha256=6cdce242d8a56ed1c0f5ddf1703a08591362848a25f3ae4f51b923e65385ed9f
[  138.62] Got plone.app.users 4.0.0.
[  138.62] root: Reading https://pypi.org/simple/plone-app-theming/
[  138.82] Getting distribution for 'plone.app.theming==7.0.1'.
[  138.82] root: Downloading https://files.pythonhosted.org/packages/c8/25/e930d5ed097c00b76e0d32b0bd811a4d9fb8cd1cf2b93dccb13a2f6def6c/plone_app_theming-7.0.1-py3-none-any.whl#sha256=bdb5867970ee09856a61600496f1456dedb7e2222014f7b9651cfa21579f68de
[  139.37] Got plone.app.theming 7.0.1.
[  139.37] root: Reading https://pypi.org/simple/plone-app-registry/
[  139.61] Getting distribution for 'plone.app.registry==3.0.1'.
[  139.61] root: Downloading https://files.pythonhosted.org/packages/a5/a6/5635ef27d11319305bbf5fbec419f992a4a6d78af1cc54e74731393e4beb/plone_app_registry-3.0.1-py3-none-any.whl#sha256=b4475118df9075e0715fd2a9d1768a8d67308212814a28af59c5597cf50e53db
[  140.18] Got plone.app.registry 3.0.1.
[  140.19] root: Reading https://pypi.org/simple/plone-app-relationfield/
[  140.36] Getting distribution for 'plone.app.relationfield==5.0.0'.
[  140.36] root: Downloading https://files.pythonhosted.org/packages/f9/b3/486c0d7c58c76565e3f6d91993daf4932deaee94afecc716e2cac6a7a5a3/plone_app_relationfield-5.0.0-py3-none-any.whl#sha256=e7f053c7049b5d3b09884630477a55d28e5d5e74bde0293446d8548e57cfbe06
[  140.83] Got plone.app.relationfield 5.0.0.
[  140.83] root: Reading https://pypi.org/simple/plone-app-redirector/
[  141.09] Getting distribution for 'plone.app.redirector==4.0.0'.
[  141.09] root: Downloading https://files.pythonhosted.org/packages/51/cf/a3e0132d4dbe200a9331fbae28526e431a5c0f9fa932c8207375b7aa990c/plone_app_redirector-4.0.0-py3-none-any.whl#sha256=a7f22306ccb710a3ec7ea19a9720a3e58418d006c0228b86ca3e7c958594bd8b
[  141.56] Got plone.app.redirector 4.0.0.
[  141.56] root: Reading https://pypi.org/simple/plone-app-portlets/
[  141.87] Getting distribution for 'plone.app.portlets==7.0.2'.
[  141.87] root: Downloading https://files.pythonhosted.org/packages/70/e6/7623978dd9ec8d9e94b2836b35f2eb5f2c9d2b692f7b132570f54211a880/plone_app_portlets-7.0.2-py3-none-any.whl#sha256=bbc3c95337f824207d78990e1d4f75b9f8fca3b4f4f7ad1f98e306723d09c483
[  142.54] Got plone.app.portlets 7.0.2.
[  142.55] root: Reading https://pypi.org/simple/plone-app-linkintegrity/
[  142.84] Getting distribution for 'plone.app.linkintegrity==5.0.0'.
[  142.84] root: Downloading https://files.pythonhosted.org/packages/1a/46/d78038dac781eef7c881cbe2d558470b71fc784795edb00cd4120d9c3ca3/plone_app_linkintegrity-5.0.0-py3-none-any.whl#sha256=e05ae84c0e77c9885172ae7f0e188b106c2a49decf738541cdb2fb4d202fe7b9
[  143.35] Got plone.app.linkintegrity 5.0.0.
[  143.35] root: Reading https://pypi.org/simple/plone-app-layout/
[  143.67] Getting distribution for 'plone.app.layout==6.0.2'.
[  143.67] root: Downloading https://files.pythonhosted.org/packages/ba/e0/0fac863d7bd9f33f71d9c69388a8d50e82ccb8201e89a25f5555c5bd2ce7/plone_app_layout-6.0.2-py3-none-any.whl#sha256=4e561dbd6a2fa1802a46b02cb43df0c2e261f6383a38410cabca66ee1febe47f
[  144.21] Got plone.app.layout 6.0.2.
[  144.21] root: Reading https://pypi.org/simple/plone-app-i18n/
[  144.40] Getting distribution for 'plone.app.i18n==5.0.0'.
[  144.40] root: Downloading https://files.pythonhosted.org/packages/58/99/c40412f73d89908415698f754333a05039e2ac3494f8bb2af37af1828535/plone_app_i18n-5.0.0-py3-none-any.whl#sha256=29fc1f2e832e08c269402e50061086f79b1bb3d09664c4d6a9b991f339fcf4fd
[  145.07] Got plone.app.i18n 5.0.0.
[  145.07] root: Reading https://pypi.org/simple/plone-app-dexterity/
[  145.31] Getting distribution for 'plone.app.dexterity==5.0.2'.
[  145.31] root: Downloading https://files.pythonhosted.org/packages/0c/77/c3986745478221f42ee575d2a22c32b494eaa88e7bb02e50fe6e22180cf9/plone_app_dexterity-5.0.2-py3-none-any.whl#sha256=68e6b3c234841bd17d39fee061f9d0b45ab9fa09440a8f4d5db72ba4a3173abd
[  145.90] Got plone.app.dexterity 5.0.2.
[  145.90] root: Reading https://pypi.org/simple/plone-app-customerize/
[  146.12] Getting distribution for 'plone.app.customerize==3.0.1'.
[  146.12] root: Downloading https://files.pythonhosted.org/packages/9c/a0/23b6000500448793c172299ecad065e682c295ae5bdd1edc2aea616e457d/plone_app_customerize-3.0.1-py3-none-any.whl#sha256=ac6961e0a06b489e31f2260d011600a74d4ff5fc1a081b866e352fc807457f87
[  146.72] Got plone.app.customerize 3.0.1.
[  146.73] root: Reading https://pypi.org/simple/plone-app-contenttypes/
[  146.88] Getting distribution for 'plone.app.contenttypes==5.0.1'.
[  146.88] root: Downloading https://files.pythonhosted.org/packages/1c/ca/635550fa0337e1894c5e3f740335b23ee6bc78ed04286ac2828e4958751b/plone_app_contenttypes-5.0.1-py3-none-any.whl#sha256=bd9cda3406c2f0c5fd5acf7a1142bad4faa002932802f5af6835bf06029bf31d
[  147.62] Got plone.app.contenttypes 5.0.1.
[  147.62] root: Reading https://pypi.org/simple/plone-app-contentrules/
[  147.96] Getting distribution for 'plone.app.contentrules==6.0.0'.
[  147.96] root: Downloading https://files.pythonhosted.org/packages/ac/85/ff03308b093b4764d2917521c4e1de8c5740eea973402951fe4aafe0d10c/plone_app_contentrules-6.0.0-py3-none-any.whl#sha256=f536086909f70192dc355e2048a5205e4484c738d6fdd343c418ae1c3151a47c
[  148.87] Got plone.app.contentrules 6.0.0.
[  148.87] root: Reading https://pypi.org/simple/plone-app-contentmenu/
[  148.96] Getting distribution for 'plone.app.contentmenu==4.0.0'.
[  148.96] root: Downloading https://files.pythonhosted.org/packages/07/dd/1074c4b21a3ad7790a118e94ab03b4c137ed47c268205f396a4a1be00981/plone_app_contentmenu-4.0.0-py3-none-any.whl#sha256=2e3e115f66c80ad5d98011222b0452c320f5093982fb98aea22c3c665171f734
[  149.49] Got plone.app.contentmenu 4.0.0.
[  149.50] root: Reading https://pypi.org/simple/plone-app-contentlisting/
[  149.80] Getting distribution for 'plone.app.contentlisting==4.0.0'.
[  149.80] root: Downloading https://files.pythonhosted.org/packages/30/1e/471ec246adb7a9dea2f9f7b99af3021fe82f7cdde3261984ab111aecdea3/plone_app_contentlisting-4.0.0-py3-none-any.whl#sha256=2274176e7a72bce075e68c5432990dab673ea6a86e67f4515dc1b63681b83839
[  150.56] Got plone.app.contentlisting 4.0.0.
[  150.56] root: Reading https://pypi.org/simple/plone-app-content/
[  150.90] Getting distribution for 'plone.app.content==5.0.0'.
[  150.91] root: Downloading https://files.pythonhosted.org/packages/65/5a/ffd3c5e5f77f14734474c79b5727f342aad22e74dc99beffe911c71e6423/plone_app_content-5.0.0-py3-none-any.whl#sha256=b8ef0bc4b3327ec617e7986729cbee57d52ce7156cae52f1533b5239ff345321
[  151.63] Got plone.app.content 5.0.0.
[  151.63] root: Reading https://pypi.org/simple/lxml/
[  152.36] Getting distribution for 'lxml==6.1.3'.
[  152.36] root: Downloading https://files.pythonhosted.org/packages/52/05/3ef45db776baea068044c799bbba68f3ca00a440c0e930a17c572f3d9639/lxml-6.1.3-cp313-cp313-macosx_10_13_universal2.whl#sha256=3a48093cdb058a93af842ede9703520e810b05dcd0fc6d7190a06376c3bfb6bd
[  153.98] Got lxml 6.1.3.
[  153.98] root: Reading https://pypi.org/simple/five-intid/
[  154.18] Getting distribution for 'five.intid==3.1.0'.
[  154.18] root: Downloading https://files.pythonhosted.org/packages/87/f3/959facb24765b5a8d0a91e2bc71309e6034414b6bd27e4c57a8a9ddfe77e/five_intid-3.1.0-py3-none-any.whl#sha256=6bad257d7200ac7244d4c42ce7107143ec47b9f516bbb883bae475081971dea8
[  154.70] Got five.intid 3.1.0.
[  154.70] root: Reading https://pypi.org/simple/five-customerize/
[  154.77] Getting distribution for 'five.customerize==4.1'.
[  154.77] root: Downloading https://files.pythonhosted.org/packages/4a/46/8c6d16ab6f9c12c4d6a13147b9a07026ecd77a308fe7929c6e3f7bcf1e93/five_customerize-4.1-py3-none-any.whl#sha256=2994454c478511fe3762f44d3df269229e024f81b325896fcfdbbbd68ba22f1e
[  155.29] Got five.customerize 4.1.
[  155.29] root: Reading https://pypi.org/simple/borg-localrole/
[  155.57] Getting distribution for 'borg.localrole==5.0.1'.
[  155.57] root: Downloading https://files.pythonhosted.org/packages/71/19/bd3f5f9a761ed19c616eb726c5c375737f0a034939be181d49e594c22af7/borg_localrole-5.0.1-py3-none-any.whl#sha256=d0209fd13bb152709451f486069b5bb4a39bde9b93ff02c89c748581af5c014a
[  156.04] Got borg.localrole 5.0.1.
[  156.04] root: Reading https://pypi.org/simple/products-genericsetup/
[  156.31] Getting distribution for 'Products.GenericSetup==5.2'.
[  156.31] root: Downloading https://files.pythonhosted.org/packages/7f/e5/ee352f38633dab30ca06435cd603658df2ab383ad192d55123cdf4841943/products_genericsetup-5.2-py3-none-any.whl#sha256=33036709be79ae8f9630f879e45436f3635a494aedd52b191c7a76e9dc378619
[  157.05] Got Products.GenericSetup 5.2.
[  157.05] root: Reading https://pypi.org/simple/plone-distribution/
[  157.25] Getting distribution for 'plone.distribution==4.0.0'.
[  157.25] root: Downloading https://files.pythonhosted.org/packages/bb/67/4b7d35a168ed6efb9fd09a42f663848f73adf7a3cc77ee25fe9c10a020b9/plone_distribution-4.0.0-py3-none-any.whl#sha256=8b49037b29946529d58f10ba9e403dd99003e04319f1bd1a31dfb496f7ea2fa0
[  157.85] Got plone.distribution 4.0.0.
[  157.86] root: Reading https://pypi.org/simple/plone-api/
[  158.11] Getting distribution for 'plone.api==3.0.3'.
[  158.11] root: Downloading https://files.pythonhosted.org/packages/97/c7/393d0fe9c7cca2e94ab1fc20cf0a056f35cab9616d42ded68c15ecaa0350/plone_api-3.0.3-py3-none-any.whl#sha256=f4aad64e75026542fa5351258412afff8fbde5254601304b326da684888352ed
[  158.72] Got plone.api 3.0.3.
[  158.72] root: Reading https://pypi.org/simple/collective-monkeypatcher/
[  158.84] Getting distribution for 'collective.monkeypatcher==3.0.0'.
[  158.84] root: Downloading https://files.pythonhosted.org/packages/5f/a6/dbd6723efe9b19f11db47343e5e68c1f31d5d7b37c0b2bfb6bd60a441f4f/collective_monkeypatcher-3.0.0-py3-none-any.whl#sha256=cde7dc584d69bd10493c4698cdbe3a1b4ad8fd3f3897ee6e6ea8ebb4ca3cf138
[  159.40] Got collective.monkeypatcher 3.0.0.
[  159.40] root: Reading https://pypi.org/simple/pyjwt/
[  159.51] Getting distribution for 'PyJWT==2.13.0'.
[  159.51] root: Downloading https://files.pythonhosted.org/packages/a3/5e/ecf12fdb62546d64385c158514e9b2b671f7832108ef2ecd2020ce0af2d1/pyjwt-2.13.0-py3-none-any.whl#sha256=66adcc2aff09b3f1bbd95fc1e1577df8ac8723c978552fd43304c8a290ac5728
[  159.95] Got PyJWT 2.13.0.
[  159.95] root: Reading https://pypi.org/simple/plone-rest/
[  160.17] Getting distribution for 'plone.rest==6.0.0'.
[  160.17] root: Downloading https://files.pythonhosted.org/packages/3d/48/3c0f94d475fbeb64e9c1551da43e799ed482f14cc60fc909a76193d3023f/plone_rest-6.0.0-py3-none-any.whl#sha256=b5e7cc7f2fa1b924a9da1af84748ce0d1e28ee2ef8f4de6c9ba4feeaba121ab1
[  160.81] Got plone.rest 6.0.0.
[  160.81] root: Reading https://pypi.org/simple/python-dateutil/
[  161.00] Getting distribution for 'python-dateutil==2.9.0.post0'.
[  161.00] root: Downloading https://files.pythonhosted.org/packages/ec/57/56b9bcc3c9c6a792fcbaf139543cee77261f3651ca9da0c93f5c1221264b/python_dateutil-2.9.0.post0-py2.py3-none-any.whl#sha256=a8b2bc7bffae282281c8140a97d3aa9c14da0b136dfe83f850eea9a5f7470427
[  161.54] Got python-dateutil 2.9.0.post0.
[  161.54] root: Reading https://pypi.org/simple/plone-registry/
[  161.76] Getting distribution for 'plone.registry==3.0.1'.
[  161.76] root: Downloading https://files.pythonhosted.org/packages/37/c0/063b9936f5dcfe554a7479e92e0cd9ee68c9c38078f1027e3efe171336f3/plone_registry-3.0.1-py3-none-any.whl#sha256=c86bce6335cfa62cdabebe46696a32fed41d72200e61675b2234a5116dac803f
[  162.30] Got plone.registry 3.0.1.
[  162.30] root: Reading https://pypi.org/simple/plone-z3cform/
[  162.57] Getting distribution for 'plone.z3cform==3.0.0'.
[  162.57] root: Downloading https://files.pythonhosted.org/packages/3f/64/e58d23c55c776063f63393c0f61a83f07615ee8fa7ce36c65e290f744731/plone_z3cform-3.0.0-py3-none-any.whl#sha256=b0221fd9f38680756035e3d8d5b683732bfff1f6ec5c393e9a572142809141a6
[  163.14] Got plone.z3cform 3.0.0.
[  163.14] root: Reading https://pypi.org/simple/plone-supermodel/
[  163.43] Getting distribution for 'plone.supermodel==3.0.0'.
[  163.43] root: Downloading https://files.pythonhosted.org/packages/ed/c5/cd69f0ea93f45c3271a2dbda983a33234778986d8f627a8e06f1a66597a8/plone_supermodel-3.0.0-py3-none-any.whl#sha256=d084612ea46daa2bd3ac736b3773e2aa6011513e09df0c8f12f5902e563a2b5b
[  163.93] Got plone.supermodel 3.0.0.
[  163.93] root: Reading https://pypi.org/simple/plone-schemaeditor/
[  164.27] Getting distribution for 'plone.schemaeditor==5.0.1'.
[  164.27] root: Downloading https://files.pythonhosted.org/packages/5f/e0/79b962b7a58fdd43f6b11e6b9f0f94465e21af72e381e1f843cc9d3b57ba/plone_schemaeditor-5.0.1-py3-none-any.whl#sha256=138e63337f5f669702fc25eccbdfab35ff12dec36a3cff33abe03061278580e0
[  165.03] Got plone.schemaeditor 5.0.1.
[  165.04] root: Reading https://pypi.org/simple/plone-behavior/
[  165.11] Getting distribution for 'plone.behavior==3.0.1'.
[  165.11] root: Downloading https://files.pythonhosted.org/packages/1b/62/20c88137c6ceae75fca6563be865619ad0e490b5088fd13eece65e603200/plone_behavior-3.0.1-py3-none-any.whl#sha256=097f6acb8db21f11bc00a1e305c2f2396be8960be421a1446e40b549b3b43573
[  165.69] Got plone.behavior 3.0.1.
[  165.69] root: Reading https://pypi.org/simple/plone-app-querystring/
[  165.92] Getting distribution for 'plone.app.querystring==3.0.0'.
[  165.92] root: Downloading https://files.pythonhosted.org/packages/b0/53/9f033e18f09e810097b7850024db6b5d30f0eecd4bef85f6ab6525f13905/plone_app_querystring-3.0.0-py3-none-any.whl#sha256=c33ff8fddc223eaba62fa062497147567715181fc14c35b4b09c17f649cca0ba
[  166.62] Got plone.app.querystring 3.0.0.
[  166.62] root: Reading https://pypi.org/simple/plone-app-event/
[  166.74] Getting distribution for 'plone.app.event==6.0.1'.
[  166.74] root: Downloading https://files.pythonhosted.org/packages/e4/39/f73cb751e8fd9d8dd2f2062ae227f81d4675cc41640be8d92ffe73b25ba8/plone_app_event-6.0.1-py3-none-any.whl#sha256=635c363c9ba72aab9351a1e2e149e637555ed8cb79dac0c570da8d96d041e963
[  167.31] Got plone.app.event 6.0.1.
[  167.32] root: Reading https://pypi.org/simple/z3c-zcmlhook/
[  167.38] Getting distribution for 'z3c.zcmlhook==3.0'.
[  167.38] root: Downloading https://files.pythonhosted.org/packages/13/e8/0a8607d7a39e001da54d25bfae93e731bef8a5f2de2d3ef8d3434c101604/z3c_zcmlhook-3.0-py3-none-any.whl#sha256=bfa818d6291376874475599c7e92485165a6277777a346e1594bcadb656e0e73
[  167.87] Got z3c.zcmlhook 3.0.
[  167.87] root: Reading https://pypi.org/simple/plone-transformchain/
[  168.14] Getting distribution for 'plone.transformchain==4.0.0'.
[  168.14] root: Downloading https://files.pythonhosted.org/packages/c6/b5/789e1b3df1bb72fd54669032962d2ce415a12dfc87749832acd637471d59/plone_transformchain-4.0.0-py3-none-any.whl#sha256=20feff9e5ca0eb4651d98f1076f370acecc5815bb5778eec23bcf54cfe950284
[  168.65] Got plone.transformchain 4.0.0.
[  168.65] root: Reading https://pypi.org/simple/plone-cachepurging/
[  168.87] Getting distribution for 'plone.cachepurging==4.0.0'.
[  168.87] root: Downloading https://files.pythonhosted.org/packages/d8/67/9b9d13766964ea8b324fecf04189bbd8543033fe1ec19c67702a605bfca4/plone_cachepurging-4.0.0-py3-none-any.whl#sha256=d292e3af13a5934943474aa1120abaf4c787a5946e874ebf026f62ed83390c26
[  169.34] Got plone.cachepurging 4.0.0.
[  169.34] root: Reading https://pypi.org/simple/plone-caching/
[  169.41] Getting distribution for 'plone.caching==3.0.0'.
[  169.41] root: Downloading https://files.pythonhosted.org/packages/f1/ad/0bddda4409e53019c86c8aec46953c9ef52e9d2b7c292bafd89e6db7f697/plone_caching-3.0.0-py3-none-any.whl#sha256=4e96a2ec09627afb74135bc51093c7ee0bd9730b36081ea4dbab172ab5ec7ae7
[  169.93] Got plone.caching 3.0.0.
[  169.93] root: Reading https://pypi.org/simple/products-cmfdynamicviewfti/
[  170.12] Getting distribution for 'Products.CMFDynamicViewFTI==8.0.0'.
[  170.12] root: Downloading https://files.pythonhosted.org/packages/7f/2d/1f364fd2d326b5b578861f49e626bde044001d1a3b36810753aa8a4a1f1e/products_cmfdynamicviewfti-8.0.0-py3-none-any.whl#sha256=58158998c8e24384fe18e243f66d155a8c5e039dceb5c7eea77fb70319e50bc7
[  170.73] Got Products.CMFDynamicViewFTI 8.0.0.
[  170.77] root: Reading https://pypi.org/simple/zope-keyreference/
[  170.88] Getting distribution for 'zope.keyreference==7.0'.
[  170.88] root: Downloading https://files.pythonhosted.org/packages/54/ce/a32f0e14993c829ad975f74970625239873183391f3e2ec0bcbbc4f4dbda/zope_keyreference-7.0-py3-none-any.whl#sha256=fb8b7dc92a1683deef6709a7980df5d8111446b3d46f5e61ef932b4cd49d13d5
[  171.42] Got zope.keyreference 7.0.
[  171.42] root: Reading https://pypi.org/simple/z3c-objpath/
[  171.59] Getting distribution for 'z3c.objpath==3.0'.
[  171.59] root: Downloading https://files.pythonhosted.org/packages/45/0e/93ee7057d96e9e0356727c5bf6894575f364b559ed8c88b76447e37023b9/z3c_objpath-3.0-py3-none-any.whl#sha256=9a8075629b3666d0adcf592e0575a668a15e329310cfdbfea3a7d5c6759108ed
[  172.14] Got z3c.objpath 3.0.
[  172.14] root: Reading https://pypi.org/simple/record/
[  172.23] Getting distribution for 'Record==4.2'.
[  172.23] root: Downloading https://files.pythonhosted.org/packages/bc/27/4b7f68f1200ad30bba5a0772da23c7edd9812ece307ca7b533cff3cd063a/record-4.2-py3-none-any.whl#sha256=2994221a8870cb2101e2277fff138165a8ef60e692d16a7483dcf9b8dba46b10
[  172.83] Got Record 4.2.
[  172.83] root: Reading https://pypi.org/simple/missing/
[  172.96] Getting distribution for 'Missing==5.2'.
[  172.96] root: Downloading https://files.pythonhosted.org/packages/c7/fb/1821517de5b2088719b2d9a05cd59fff7a008a940753420573a56da36d92/missing-5.2-py3-none-any.whl#sha256=c7ea392d0e148ec1937b86b4db6b97f4ba27a450f9866ec4865b37f8c17813e3
[  173.52] Got Missing 5.2.
[  173.53] root: Reading https://pypi.org/simple/markdown/
[  173.70] Getting distribution for 'Markdown==3.10.3'.
[  173.71] root: Downloading https://files.pythonhosted.org/packages/64/69/4a5af2bc115a9a33fefe51709749de8262be3f9ba063d1753a837cdbc49c/markdown-3.10.3-py3-none-any.whl#sha256=fa6c92a00a4a3c98b22728c64a935ae1928250ae65058a6ded814d2cc29a4cea
[  174.57] Got Markdown 3.10.3.
[  174.57] root: Reading https://pypi.org/simple/pillow/
[  175.50] Getting distribution for 'Pillow==12.3.0'.
[  175.50] root: Downloading https://files.pythonhosted.org/packages/10/76/8803c13605b763d33d156c4678fc77f8443389c0c51c8aef707bb02015f4/pillow-12.3.0-cp313-cp313-macosx_11_0_arm64.whl#sha256=d69141514cc30b774ceea5e3ed3a6635c8d8a96edf664689b890f4089111fb35
[  176.84] Got pillow 12.3.0.
[  176.85] root: Reading https://pypi.org/simple/lxml-html-clean/
[  177.11] Getting distribution for 'lxml_html_clean==0.4.5'.
[  177.11] root: Downloading https://files.pythonhosted.org/packages/6a/bd/6e2b76a6c5dee10397db9c929f0c5066766ec1036046f0335b7ca7ca08b8/lxml_html_clean-0.4.5-py3-none-any.whl#sha256=c76fcadd1e5bfb9b8bafc2200d51e4e78eb0dad67f56881c21dfb6484c7e7746
[  177.64] Got lxml-html-clean 0.4.5.
[  177.65] root: Reading https://pypi.org/simple/docutils/
[  177.88] Getting distribution for 'docutils==0.22.4'.
[  177.88] root: Downloading https://files.pythonhosted.org/packages/02/10/5da547df7a391dcde17f59520a231527b8571e6f46fc8efb02ccb370ab12/docutils-0.22.4-py3-none-any.whl#sha256=d0013f540772d1420576855455d050a2180186c91c15779301ac2ccb3eeb68de
[  179.11] Got docutils 0.22.4.
[  179.12] root: Reading https://pypi.org/simple/products-standardcachemanagers/
[  179.34] Getting distribution for 'Products.StandardCacheManagers==6.1'.
[  179.34] root: Downloading https://files.pythonhosted.org/packages/43/1c/80b2755657e84bddd21fe79aea6f41ac41f4f04490f118c3d01580bab417/products_standardcachemanagers-6.1-py3-none-any.whl#sha256=86d97e33f3af3bbcd2fb367a96debed6031631525c5b4254acb2b6b173ff59a3
[  179.93] Got Products.StandardCacheManagers 6.1.
[  179.94] root: Reading https://pypi.org/simple/products-sessions/
[  180.20] Getting distribution for 'Products.Sessions==6.2'.
[  180.20] root: Downloading https://files.pythonhosted.org/packages/dd/48/cfdfbe41e949c31e300923bf5fa83cbbef1f089bf1d38c291889799bd6c0/products_sessions-6.2-py3-none-any.whl#sha256=1aaf56ff246327f4ec449dcae1ed25200c170859ab8e71150be919cbe16933ee
[  180.92] Got Products.Sessions 6.2.
[  180.92] root: Reading https://pypi.org/simple/products-pluginregistry/
[  181.09] Getting distribution for 'Products.PluginRegistry==3.1'.
[  181.09] root: Downloading https://files.pythonhosted.org/packages/5b/73/fbcea26f19153b6e727fb5553ccabbebdf8242abeef4022cb180840369f3/products_pluginregistry-3.1-py3-none-any.whl#sha256=45250701d6bc2ebafeb59f80b4ff5017a60bc6cc0566465f7bfb9d657127c1c0
[  181.75] Got Products.PluginRegistry 3.1.
[  181.76] root: Reading https://pypi.org/simple/products-btreefolder2/
[  181.99] Getting distribution for 'Products.BTreeFolder2==6.0'.
[  181.99] root: Downloading https://files.pythonhosted.org/packages/36/29/23d556350348f9ebf20bacb140d41e8f9aae1b50c989cf8a7719d50e7292/products_btreefolder2-6.0-py3-none-any.whl#sha256=48ad5355e7c12ba5041e725576f2fc1f7afb96005c942b7ca491f9bd8fa7d931
[  182.56] Got Products.BTreeFolder2 6.0.
[  182.56] root: Reading https://pypi.org/simple/products-pythonscripts/
[  182.83] Getting distribution for 'Products.PythonScripts==5.3.1'.
[  182.83] root: Downloading https://files.pythonhosted.org/packages/83/8f/905d6f08a7161fac57c293a56e8f718fa7bb5636002d46cedd559f9671f4/products_pythonscripts-5.3.1-py3-none-any.whl#sha256=c208530d2f9664dd34b244b2fccfd3cf11ed291956271b7b66985aab9609f9ff
[  183.46] Got Products.PythonScripts 5.3.1.
[  183.46] root: Reading https://pypi.org/simple/products-externalmethod/
[  183.53] Getting distribution for 'Products.ExternalMethod==6.1'.
[  183.53] root: Downloading https://files.pythonhosted.org/packages/12/0c/78fa3f154879ceee041aa013eee0eb84253eb737ee7dab9f92a847dc5134/products_externalmethod-6.1-py3-none-any.whl#sha256=707c0e90539b752142e78521d56dec232c6e42a5f05185a73700b2a9f4115dad
[  184.06] Got Products.ExternalMethod 6.1.
[  184.07] root: Reading https://pypi.org/simple/products-mailhost/
[  184.25] Getting distribution for 'Products.MailHost==6.1'.
[  184.25] root: Downloading https://files.pythonhosted.org/packages/aa/b0/b659762ad18db105e5313f98eedc0ae329e19d511f0ec5ccdcdc85688086/products_mailhost-6.1-py3-none-any.whl#sha256=d353c016967dc4c015343e583607e76770a6449bca66e0e22e59db29525a5829
[  184.91] Got Products.MailHost 6.1.
[  184.91] root: Reading https://pypi.org/simple/five-localsitemanager/
[  185.00] Getting distribution for 'five.localsitemanager==5.0'.
[  185.00] root: Downloading https://files.pythonhosted.org/packages/98/68/b7e20eda22b5f1ea83854869c40299810e012d09412a4cdcf36519a82646/five.localsitemanager-5.0-py3-none-any.whl#sha256=c6e0f420a018be5453be264ce8ce560ffbc953d0174db1e9ae017735214131e9
[  185.56] Got five.localsitemanager 5.0.
[  185.57] root: Reading https://pypi.org/simple/zope-copy/
[  185.78] Getting distribution for 'zope.copy==6.0'.
[  185.78] root: Downloading https://files.pythonhosted.org/packages/a8/12/80cc70eedd124cfeec8403de6c7634ad9e6c0cabc21b62c10fc6fe789686/zope_copy-6.0-py3-none-any.whl#sha256=841f644a12310552565829d88a26f0a2542ee409568fdb1a3b09b0e1e39f41e8
[  186.40] Got zope.copy 6.0.
[  186.40] root: Reading https://pypi.org/simple/products-zopeversioncontrol/
[  186.66] Getting distribution for 'Products.ZopeVersionControl==5.1'.
[  186.66] root: Downloading https://files.pythonhosted.org/packages/d5/12/852f6871f5c1e953940d7162a6836753631bad8ec1bedbcfa62ec27d13a5/products_zopeversioncontrol-5.1-py3-none-any.whl#sha256=95571e9623501c1ab7e58337f8c3c111d254398421b1950ca1db2c0aedacf370
[  187.30] Got Products.ZopeVersionControl 5.1.
[  187.30] root: Reading https://pypi.org/simple/products-cmfuid/
[  187.42] Getting distribution for 'Products.CMFUid==5.0'.
[  187.42] root: Downloading https://files.pythonhosted.org/packages/9a/76/3139e24a0eb8ab17eb81987bf60e2243617159a5f9fec6a2a2c2e4abf98b/products_cmfuid-5.0-py3-none-any.whl#sha256=c15098f314bf74363f968d3131bb849618fe926228039eda28d9a13a504b17fd
[  188.05] Got Products.CMFUid 5.0.
[  188.05] root: Reading https://pypi.org/simple/products-cmfdifftool/
[  188.24] Getting distribution for 'Products.CMFDiffTool==5.0.0'.
[  188.24] root: Downloading https://files.pythonhosted.org/packages/36/ab/86840e43fcf57e53b76bd98131edbe03bc7499524f9e9585350069c5b905/products_cmfdifftool-5.0.0-py3-none-any.whl#sha256=7b106087ae981228ec97ed4d01a0dbb80de95f252acfb43f2559fbd42dfeee48
[  188.85] Got Products.CMFDiffTool 5.0.0.
[  188.85] root: Reading https://pypi.org/simple/jsonschema/
[  189.17] Getting distribution for 'jsonschema==4.26.0'.
[  189.17] root: Downloading https://files.pythonhosted.org/packages/69/90/f63fb5873511e014207a475e2bb4e8b2e570d655b00ac19a9a0ca0a385ee/jsonschema-4.26.0-py3-none-any.whl#sha256=d489f15263b8d200f8387e64b4c3a75f06629559fb73deb8fdfb525f2dab50ce
[  189.76] Got jsonschema 4.26.0.
[  189.76] root: Reading https://pypi.org/simple/repoze-xmliter/
[  189.97] Getting distribution for 'repoze.xmliter==2.0'.
[  189.97] root: Downloading https://files.pythonhosted.org/packages/c2/a4/56a104eee1ffec1331b2265a64883e97a3990ab1d2c9fefcc6ef5ebecec7/repoze_xmliter-2.0-py3-none-any.whl#sha256=4542fc36baf763a6c71b459a6068cf8728caf915567a7fcc342f0a5c064762bb
[  190.61] Got repoze.xmliter 2.0.
[  190.62] root: Reading https://pypi.org/simple/plone-scale/
[  190.92] Getting distribution for 'plone.scale==5.1.0'.
[  190.92] root: Downloading https://files.pythonhosted.org/packages/15/58/6baf37902a2b7d4e02b3a9366118f2fe59866485b476acc8704785b4faf6/plone_scale-5.1.0-py3-none-any.whl#sha256=40c15fe9fcd84e3db4176472d26833d3ebe8e60cbae877992bbd74e86e826203
[  191.94] Got plone.scale 5.1.0.
[  191.94] root: Reading https://pypi.org/simple/plone-app-textfield/
[  192.13] Getting distribution for 'plone.app.textfield==4.0.2'.
[  192.13] root: Downloading https://files.pythonhosted.org/packages/6a/e5/a045de294fa09590160d1b03e7f895c33d6ca21c2f0a38b2686d5515a3f5/plone_app_textfield-4.0.2-py3-none-any.whl#sha256=fedcac6d6fef3d1e3876c749835b757bd829996086b8cce2c791d39228d1be9d
[  192.75] Got plone.app.textfield 4.0.2.
[  192.75] root: Reading https://pypi.org/simple/piexif/
[  192.96] Getting distribution for 'piexif==1.1.3'.
[  192.96] root: Downloading https://files.pythonhosted.org/packages/2c/d8/6f63147dd73373d051c5eb049ecd841207f898f50a5a1d4378594178f6cf/piexif-1.1.3-py2.py3-none-any.whl#sha256=3bc435d171720150b81b15d27e05e54b8abbde7b4242cddd81ef160d283108b6
[  193.54] Got piexif 1.1.3.
[  193.54] root: Reading https://pypi.org/simple/unidecode/
[  193.84] Getting distribution for 'Unidecode==1.4.0'.
[  193.84] root: Downloading https://files.pythonhosted.org/packages/8f/b7/559f59d57d18b44c6d1250d2eeaa676e028b9c527431f5d0736478a73ba1/Unidecode-1.4.0-py3-none-any.whl#sha256=c3c7606c27503ad8d501270406e345ddb480a7b5f38827eafe4fa82a137f0021
[  194.71] Got Unidecode 1.4.0.
[  194.71] root: Reading https://pypi.org/simple/plone-alterego/
[  195.00] Getting distribution for 'plone.alterego==3.0.0'.
[  195.00] root: Downloading https://files.pythonhosted.org/packages/24/8d/fdac28e56ddec42a459fb43a96d4ad07452338294a65088b9f9bc16dc59a/plone_alterego-3.0.0-py3-none-any.whl#sha256=61e4be8dbdbd4bf340d6ffced4e9fd301325e338b1db5fa5a23f168012b79853
[  195.52] Got plone.alterego 3.0.0.
[  195.52] root: Reading https://pypi.org/simple/zope-componentvocabulary/
[  195.73] Getting distribution for 'zope.componentvocabulary==4.0'.
[  195.73] root: Downloading https://files.pythonhosted.org/packages/7c/40/8a8d68b506fa773967e05c40fb72976731c20e332fc495fde8294e7ee779/zope.componentvocabulary-4.0-py3-none-any.whl#sha256=af462b5ce9aea931de5f081f18bb987d13f4b4242fe8ab22064e7d8fe264830e
[  196.26] Got zope.componentvocabulary 4.0.
[  196.26] root: Reading https://pypi.org/simple/plone-batching/
[  196.49] Getting distribution for 'plone.batching==3.0.1'.
[  196.49] root: Downloading https://files.pythonhosted.org/packages/b8/98/12ac5eed716fc11d7a9a9351b6bed4af50fe05c97df608585ee34ae49e2d/plone_batching-3.0.1-py3-none-any.whl#sha256=d399f6ef08296345d6750d0b721ff968adf236f02c7ee2f14604d2a3f0e9ac8c
[  197.05] Got plone.batching 3.0.1.
[  197.05] root: Reading https://pypi.org/simple/z3c-formwidget-query/
[  197.12] Getting distribution for 'z3c.formwidget.query==3.0'.
[  197.12] root: Downloading https://files.pythonhosted.org/packages/82/7d/c134a1d50a4c72f91c93ce863c512a4d5d651f72750235b0722a8e39fa5f/z3c_formwidget_query-3.0-py3-none-any.whl#sha256=8af0e79234e230d5f569375860bf4ef2a81f40311d1524199da35aba6ccebc2e
[  197.66] Got z3c.formwidget.query 3.0.
[  197.67] root: Reading https://pypi.org/simple/plone-resourceeditor/
[  197.88] Getting distribution for 'plone.resourceeditor==5.0.0'.
[  197.88] root: Downloading https://files.pythonhosted.org/packages/19/60/26c7f4c1afd3d78b07bc27c7abbc326c5f5a68fa687b579ad6cc9c0c526f/plone_resourceeditor-5.0.0-py3-none-any.whl#sha256=209539125424ee8cac09e6f564a919f8165291f1054eea4eefd87da28db324f6
[  198.52] Got plone.resourceeditor 5.0.0.
[  198.52] root: Reading https://pypi.org/simple/diazo/
[  198.66] Getting distribution for 'diazo==2.0.6'.
[  198.66] root: Downloading https://files.pythonhosted.org/packages/b2/56/5d889c064c5f22ea20505e27ca1f8720f77beb77e2eb91c562cf4b0b8c73/diazo-2.0.6-py3-none-any.whl#sha256=fc3e0c003ac7fe5aa1d8fbc4974ed1923b6838afc2a3480103428c62d11837db
[  199.66] Got diazo 2.0.6.
[  199.66] root: Reading https://pypi.org/simple/plone-app-intid/
[  199.85] Getting distribution for 'plone.app.intid==3.0.0'.
[  199.85] root: Downloading https://files.pythonhosted.org/packages/d7/c1/7fadabc08760dd8f82b09f9aca3d3e1cbb21b295df873af7f7653042066d/plone_app_intid-3.0.0-py3-none-any.whl#sha256=27b86956a55376ffd4d08dd2d2aab991d412bb68154689b8086f01df640c1a71
[  200.45] Got plone.app.intid 3.0.0.
[  200.45] root: Reading https://pypi.org/simple/requests/
[  200.59] Getting distribution for 'requests==2.34.2'.
[  200.59] root: Downloading https://files.pythonhosted.org/packages/a0/f4/c67b0b3f1b9245e8d266f0f112c500d50e5b4e83cb6f3b71b6528104182a/requests-2.34.2-py3-none-any.whl#sha256=2a0d60c172f83ac6ab31e4554906c0f3b3588d37b5cb939b1c061f4907e278e0
[  201.22] Got requests 2.34.2.
[  201.23] root: Reading https://pypi.org/simple/feedparser/
[  201.30] Getting distribution for 'feedparser==6.0.14'.
[  201.30] root: Downloading https://files.pythonhosted.org/packages/7f/61/f04912e63702e73fb2a378f9c0a1ad9eb17a334a11a6b3fe1daa593903c2/feedparser-6.0.14-py3-none-any.whl#sha256=e35e3f760151b0c3b22cac9684155cae186a233e16c49bcbc6c49e91e3131137
[  201.93] Got feedparser 6.0.14.
[  201.93] root: Reading https://pypi.org/simple/plone-event/
[  202.05] Getting distribution for 'plone.event==3.0.0'.
[  202.05] root: Downloading https://files.pythonhosted.org/packages/d9/4c/4d4c163ed7fa1f5e38ad4bfe25390de23febb116e311ac7da22b1b43a62d/plone_event-3.0.0-py3-none-any.whl#sha256=ca598a3777203a489b6de98ef4a90385995e1ff7684b2434112e273188c4e1f9
[  202.72] Got plone.event 3.0.0.
[  202.72] root: Reading https://pypi.org/simple/plone-app-lockingbehavior/
[  202.93] Getting distribution for 'plone.app.lockingbehavior==3.0.0'.
[  202.93] root: Downloading https://files.pythonhosted.org/packages/8e/27/69e588ebced2ff738ae6d353e5a0be8da8cf91004d2b100346792bbdf4b5/plone_app_lockingbehavior-3.0.0-py3-none-any.whl#sha256=d418474c7601b9e5e9a61c57b457b7a7a5b3a919caf972db50bda4adcdfdd2af
[  203.57] Got plone.app.lockingbehavior 3.0.0.
[  203.57] root: Reading https://pypi.org/simple/plone-app-versioningbehavior/
[  203.80] Getting distribution for 'plone.app.versioningbehavior==3.0.0'.
[  203.80] root: Downloading https://files.pythonhosted.org/packages/25/4c/1ea508f00e026c10916e21a5b436f327cdc36ca234f744c15b554b889f09/plone_app_versioningbehavior-3.0.0-py3-none-any.whl#sha256=06cf62b97082e9fce66448da34c6e4902b35179bbf4017e306074eb2e8bbbc7d
[  204.51] Got plone.app.versioningbehavior 3.0.0.
[  204.51] root: Reading https://pypi.org/simple/plone-stringinterp/
[  204.71] Getting distribution for 'plone.stringinterp==3.0.0'.
[  204.72] root: Downloading https://files.pythonhosted.org/packages/71/d5/a5ad0a289d0a388dfdfba00cbc90af930627be233e954fa534a783299df0/plone_stringinterp-3.0.0-py3-none-any.whl#sha256=003b9f33ffe32815c0c1d18b44f2e567b801872ef0a60a67c625652bd99b522d
[  205.49] Got plone.stringinterp 3.0.0.
[  205.49] root: Reading https://pypi.org/simple/simplejson/
[  206.08] Getting distribution for 'simplejson==4.1.2'.
[  206.08] root: Downloading https://files.pythonhosted.org/packages/c1/51/cad8715b85c1a822c790b557ecbdcc03f170ea03c5ff23d61d2efe4de364/simplejson-4.1.2-cp313-cp313-macosx_11_0_arm64.whl#sha256=01554fea464ecb8a3a9a7053de4670c87e18590836398a30a535124bc4453480
[  206.80] Got simplejson 4.1.2.
[  206.81] root: Reading https://pypi.org/simple/z3c-unconfigure/
[  207.02] Getting distribution for 'z3c.unconfigure==3.0'.
[  207.02] root: Downloading https://files.pythonhosted.org/packages/04/6a/808c8553fc185739172fd2b2a54b828118bf07c7011ac49dcfd0a1b65e55/z3c_unconfigure-3.0-py3-none-any.whl#sha256=522c7c4f18dab25d1cbd4f838d3b41c7f266eadbd13cc9952234406bf02541da
[  207.61] Got z3c.unconfigure 3.0.
[  207.61] root: Reading https://pypi.org/simple/plone-exportimport/
[  207.68] Getting distribution for 'plone.exportimport==2.1.0'.
[  207.68] root: Downloading https://files.pythonhosted.org/packages/f2/df/e56e75c9188bca3ab45e2e7980ea4b214800672df6bc93a810dc60d24842/plone_exportimport-2.1.0-py3-none-any.whl#sha256=9103a0c0614b725ad174ed9a16ac6a46c2c6ee1ce57c968f05097d2993d1f0b8
[  208.42] Got plone.exportimport 2.1.0.
[  208.43] root: Reading https://pypi.org/simple/decorator/
[  208.63] Getting distribution for 'decorator==5.3.1'.
[  208.63] root: Downloading https://files.pythonhosted.org/packages/05/7f/798705f5296a58ca505d600456748d1be48078eac8a7050d8a98bc9edb89/decorator-5.3.1-py3-none-any.whl#sha256=f47fe6fdbd2edd623ecfe36875d37aba411624e2670dd395dddae1358689bb3c
[  209.22] Got decorator 5.3.1.
[  209.22] root: Reading https://pypi.org/simple/six/
[  209.45] Getting distribution for 'six==1.17.0'.
[  209.45] root: Downloading https://files.pythonhosted.org/packages/b7/ce/149a00dd41f10bc29e5921b496af8b574d8413afcd5e30dfa0ed46c2cc5e/six-1.17.0-py2.py3-none-any.whl#sha256=4721f391ed90541fddacab5acf947aa0d3dc7d27b2e1e8eda2be8970586c3274
[  210.14] Got six 1.17.0.
[  210.15] root: Reading https://pypi.org/simple/plone-formwidget-recurrence/
[  210.35] Getting distribution for 'plone.formwidget.recurrence[z3cform]==4.0.0'.
[  210.35] root: Downloading https://files.pythonhosted.org/packages/74/a0/12dd33c6a3a8b4bddb06e6e390582fd935144af791ac63f8e6f4fc450d1a/plone_formwidget_recurrence-4.0.0-py3-none-any.whl#sha256=d56a6bed7a1df759f2122150a79322940d3e5e6929d988a071e5354405ad2cc1
[  211.03] Got plone.formwidget.recurrence 4.0.0.
[  211.03] root: Reading https://pypi.org/simple/products-daterecurringindex/
[  211.18] Getting distribution for 'Products.DateRecurringIndex==4.0.0'.
[  211.18] root: Downloading https://files.pythonhosted.org/packages/73/3d/5e899fa5d33638233032b0c72614d15d89c8291f951d168c77585197b481/products_daterecurringindex-4.0.0-py3-none-any.whl#sha256=82086d585ad380413fafcf71d34cff6377ebbd433409dc95978c6c26c5dbb5c4
[  211.83] Got Products.DateRecurringIndex 4.0.0.
[  211.83] root: Reading https://pypi.org/simple/icalendar/
[  212.09] Getting distribution for 'icalendar==7.3.0'.
[  212.09] root: Downloading https://files.pythonhosted.org/packages/bb/82/50bff78b0bb0c7d7c0cb39e0ee189b92f611fff6bd7cf57f25e92d5a7551/icalendar-7.3.0-py3-none-any.whl#sha256=8355acfe17be81b368f0b1e3740817cea9b56ea889931f8f1a87c62f2d28db0b
[  213.48] Got icalendar 7.3.0.
[  213.51] root: Reading https://pypi.org/simple/zope-sendmail/
[  213.83] Getting distribution for 'zope.sendmail==7.2'.
[  213.83] root: Downloading https://files.pythonhosted.org/packages/00/cc/86c005d3f8a341b023d26158a4b97eb5a9aa5f120a91b24e651003758d4e/zope_sendmail-7.2-py3-none-any.whl#sha256=ae067725699df6f0c74314f23f342b21c2167b002db748db3601c56f15ffaf65
[  214.59] Got zope.sendmail 7.2.
[  214.59] root: Reading https://pypi.org/simple/rpds-py/
[  215.23] Getting distribution for 'rpds-py==2026.6.3'.
[  215.23] root: Downloading https://files.pythonhosted.org/packages/f3/6b/686d9dc4359a8f163cfbbf89ee0b4e586431de22fe8248edb63a8cf50d49/rpds_py-2026.6.3-cp313-cp313-macosx_11_0_arm64.whl#sha256=f4d78253f6996be4901669ad25319f842f740eccf4d58e3c7f3dd39e6dde1d8f
[  216.15] Got rpds-py 2026.6.3.
[  216.15] root: Reading https://pypi.org/simple/referencing/
[  216.45] Getting distribution for 'referencing==0.37.0'.
[  216.45] root: Downloading https://files.pythonhosted.org/packages/2c/58/ca301544e1fa93ed4f80d724bf5b194f6e4b945841c5bfd555878eea9fcb/referencing-0.37.0-py3-none-any.whl#sha256=381329a9f99628c9069361716891d34ad94af76e461dcb0335825aecc7692231
[  217.11] Got referencing 0.37.0.
[  217.12] root: Reading https://pypi.org/simple/jsonschema-specifications/
[  217.21] Getting distribution for 'jsonschema-specifications==2025.9.1'.
[  217.21] root: Downloading https://files.pythonhosted.org/packages/41/45/1a4ed80516f02155c51f51e8cedb3c1902296743db0bbc66608a0db2814f/jsonschema_specifications-2025.9.1-py3-none-any.whl#sha256=98802fee3a11ee76ecaca44429fda8a41bff98b00a0f2838151b113f210cc6fe
[  217.83] Got jsonschema-specifications 2025.9.1.
[  217.84] root: Reading https://pypi.org/simple/attrs/
[  218.02] Getting distribution for 'attrs==26.1.0'.
[  218.02] root: Downloading https://files.pythonhosted.org/packages/64/b4/17d4b0b2a2dc85a6df63d1157e028ed19f90d4cd97c36717afef2bc2f395/attrs-26.1.0-py3-none-any.whl#sha256=c647aa4a12dfbad9333ca4e71fe62ddc36f4e63b2d260a37a8b83d2f043ac309
[  218.79] Got attrs 26.1.0.
[  218.79] root: Reading https://pypi.org/simple/cssselect/
[  218.99] Getting distribution for 'cssselect==1.5.0; extra == "cssselect"'.
[  218.99] root: Downloading https://files.pythonhosted.org/packages/60/e9/6734502f67533a752ea8b1c8f7f227c94eecf300252ba8bf23e3e59d8a36/cssselect-1.5.0-py3-none-any.whl#sha256=1d1aded98e82bdde447ded990a191fd6916177c4f0c914fb62eccd58e2ffcdcc
[  219.72] Got cssselect 1.5.0.
[  219.73] root: Reading https://pypi.org/simple/urllib3/
[  219.87] Getting distribution for 'urllib3==2.7.0'.
[  219.87] root: Downloading https://files.pythonhosted.org/packages/7f/3e/5db95bcf282c52709639744ca2a8b149baccf648e39c8cc87553df9eae0c/urllib3-2.7.0-py3-none-any.whl#sha256=9fb4c81ebbb1ce9531cce37674bbc6f1360472bc18ca9a553ede278ef7276897
[  220.90] Got urllib3 2.7.0.
[  220.91] root: Reading https://pypi.org/simple/charset-normalizer/
[  221.37] Getting distribution for 'charset_normalizer==3.4.9'.
[  221.37] root: Downloading https://files.pythonhosted.org/packages/b2/06/97ec2aeae780b31d742b6352218b43841a6871e2564578ca522dce4a45c3/charset_normalizer-3.4.9-cp313-cp313-macosx_10_13_universal2.whl#sha256=440eede837960000d74978f0eba527be106b5b9aee0daf779d395276ed0b0614
[  222.13] Got charset-normalizer 3.4.9.
[  222.13] root: Reading https://pypi.org/simple/feedparser-sgmllib/
[  222.34] Getting distribution for 'feedparser-sgmllib==2.1.0'.
[  222.34] root: Downloading https://files.pythonhosted.org/packages/85/a0/79a31f898092e145bd66e2b338fb0656979acb2bbbcae8220940fbfcd820/feedparser_sgmllib-2.1.0-py3-none-any.whl#sha256=2cab2d43b95a954f920f18aebce7a4dbbb3f539780b127e2aa114f579821e01d
[  223.10] Got feedparser-sgmllib 2.1.0.
[  223.11] root: Reading https://pypi.org/simple/tzdata/
[  223.30] Getting distribution for 'tzdata==2026.3'.
[  223.31] root: Downloading https://files.pythonhosted.org/packages/e5/6d/b53b99a9f2766d095985947a5782f1702cabb129a34f7a802d7197af832f/tzdata-2026.3-py2.py3-none-any.whl#sha256=dc096730c87af6cab1b171c9d532be840741ff5d459015e7f6947bd7d7e54931
[  224.64] Got tzdata 2026.3.
[  224.75] Generated script '<bench>/runs/bo-pip/bin/instance'.
[  224.76] Generated interpreter '<bench>/runs/bo-pip/parts/instance/bin/interpreter'.
[  225.58] Generated script '<bench>/runs/bo-pip/bin/zodbverify'.
[  225.59] Installing test.
[  225.64] root: Reading https://pypi.org/simple/plone-app-robotframework/
[  225.90] Getting distribution for 'plone.app.robotframework[test]==3.0.0'.
[  225.90] root: Downloading https://files.pythonhosted.org/packages/28/d0/481891badbbfd9c9f783c10ee47e8a50a718389e8283729845284b55ccc9/plone_app_robotframework-3.0.0-py3-none-any.whl#sha256=607a4309cacce855b3c46c500231c9008b40b343ea9d9407015ebc2e8144f34e
[  226.34] Got plone.app.robotframework 3.0.0.
[  226.34] root: Reading https://pypi.org/simple/plone-app-testing/
[  226.42] Getting distribution for 'plone.app.testing[test]==8.0.2'.
[  226.42] root: Downloading https://files.pythonhosted.org/packages/fc/39/d7432f4ebf9d05dd03b3775539b1eac425d5f06046e3e087ac90919a4537/plone_app_testing-8.0.2-py3-none-any.whl#sha256=5edb40c942fedb9a1cc9e4099620c351cc8b5963e6fd48f146411c8fb985a56e
[  226.97] Got plone.app.testing 8.0.2.
[  226.99] root: Reading https://pypi.org/simple/plone-app-widgets/
[  227.17] Getting distribution for 'plone.app.widgets[test]==6.0.0'.
[  227.17] root: Downloading https://files.pythonhosted.org/packages/89/b2/9bd4c3b3d60d2f1bba6bf69f5308e53b84689667c61d7e49e9cbdf035381/plone_app_widgets-6.0.0-py3-none-any.whl#sha256=2d0af4eab1fd1e0943dc2284f2461d7732e51d577755735ac9c8c3511ea6b1ed
[  227.72] Got plone.app.widgets 6.0.0.
[  227.86] root: Reading https://pypi.org/simple/plone-testing/
[  228.18] Getting distribution for 'plone.testing[test]==10.1.0'.
[  228.18] root: Downloading https://files.pythonhosted.org/packages/86/f9/2203a485927d7b3a900352e1feb162943147efc37e6efa9901d2223fcb92/plone_testing-10.1.0-py3-none-any.whl#sha256=0ef4cd874a88c9e5e520c5a0f7014a6b3b4794d07ea3436ba55e329fc0f2f9d2
[  228.72] Got plone.testing 10.1.0.
[  228.84] root: Reading https://pypi.org/simple/robotsuite/
[  229.12] Getting distribution for 'robotsuite==3.0.1'.
[  229.12] root: Downloading https://files.pythonhosted.org/packages/c0/4c/9c191221084b466f5c4d4ffd6e42620fe95038c4ed6f6ef463169a904abf/robotsuite-3.0.1-py3-none-any.whl#sha256=2163fada8d2bc54258354ef946ed5e12e21404406d70deeea362ab0a961f87a8
[  229.52] Got robotsuite 3.0.1.
[  229.52] root: Reading https://pypi.org/simple/robotframework-debuglibrary/
[  229.65] Getting distribution for 'robotframework-debuglibrary==2.5.0'.
[  229.65] root: Downloading https://files.pythonhosted.org/packages/73/32/94f7b214f9bbbbf4d461e44a58533a7bf144477df43d3d741fe57f5a5143/robotframework_debuglibrary-2.5.0-py3-none-any.whl#sha256=a2bfb2636ead7be440c224317891b4b406a9a71d84b26924031ccf3791a00b96
[  230.06] Got robotframework-debuglibrary 2.5.0.
[  230.12] root: Reading https://pypi.org/simple/pytest-plone/
[  230.24] Getting distribution for 'pytest-plone==1.1.0; extra == "test"'.
[  230.24] root: Downloading https://files.pythonhosted.org/packages/7b/a3/c32e1cc815f32b5ecd4bc8c1329f7490f35f59bf390d6eeb2a8c27610bc4/pytest_plone-1.1.0-py3-none-any.whl#sha256=89f69669ecb45f77ae3517238922f2c8a7e6eccd14dac8acd831f52a4fb4caf0
[  230.65] Got pytest-plone 1.1.0.
[  230.65] root: Reading https://pypi.org/simple/responses/
[  230.97] Getting distribution for 'responses==0.26.3; extra == "test"'.
[  230.97] root: Downloading https://files.pythonhosted.org/packages/6d/86/ca7958de70cb0752350575e98229368a3a2f746a2942034b3364e17312bb/responses-0.26.3-py3-none-any.whl#sha256=74474f799334ac4f37d93b6437ecc3bb1bb5c77a8d31780a338643be2dce0af8
[  231.49] Got responses 0.26.3.
[  231.51] root: Reading https://pypi.org/simple/manuel/
[  231.68] Getting distribution for 'manuel==1.13.0; extra == "test"'.
[  231.68] root: Downloading https://files.pythonhosted.org/packages/7b/62/1ae0fc38b62bf720eed970b10c62b608695b34b54436fa223d1c19cc281b/manuel-1.13.0.tar.gz#sha256=5d63120de8fa6d927780b69ae28aa3e9d1669b10af3d32785f3fba11a5be885a
[  233.10] Got manuel 1.13.0.
[  233.11] root: Reading https://pypi.org/simple/collective-mockmailhost/
[  233.20] Getting distribution for 'collective.MockMailHost==4.0.0'.
[  233.20] root: Downloading https://files.pythonhosted.org/packages/87/02/696f8aec32c3402ca161fd58b67fe78ddd5e8abed5880b40b9a494e50d12/collective_mockmailhost-4.0.0-py3-none-any.whl#sha256=ea857d1859ebb700b22fc5a4003529533c5121b66d153a96c703ab3580618fba
[  233.61] Got collective.MockMailHost 4.0.0.
[  233.64] root: Reading https://pypi.org/simple/pytest-cov/
[  233.79] Getting distribution for 'pytest-cov==7.1.0; extra == "test"'.
[  233.79] root: Downloading https://files.pythonhosted.org/packages/9d/7a/d968e294073affff457b041c2be9868a40c1c71f4a35fcc1e45e5493067b/pytest_cov-7.1.0-py3-none-any.whl#sha256=a0461110b7865f9a271aa1b51e516c9a95de9d696734a2f71e3e78f46e1d4678
[  234.19] Got pytest-cov 7.1.0.
[  234.19] root: Reading https://pypi.org/simple/pytest/
[  234.47] Getting distribution for 'pytest==9.1.1; extra == "test"'.
[  234.47] root: Downloading https://files.pythonhosted.org/packages/24/25/1de2678b631f5a49215c6c96fff41ba892b0a34df68d6d80292b1b48aa7f/pytest-9.1.1-py3-none-any.whl#sha256=37a86b45efb9a47a61a36449063e8e18d0cab3161329fc099eb21783169c4f0c
[  235.28] Got pytest 9.1.1.
[  235.28] root: Reading https://pypi.org/simple/zestreleaser-towncrier/
[  235.45] Getting distribution for 'zestreleaser.towncrier==2.0.1; extra == "test"'.
[  235.45] root: Downloading https://files.pythonhosted.org/packages/1b/0d/44534e4913ac39a4d4c365ad25372fc9ee3194adf5c06c0ce6fb59e93a6f/zestreleaser_towncrier-2.0.1-py3-none-any.whl#sha256=162f5b07f29e7534846e7133b0e90c8bacf171d396325de316c79002e5bb9fb0
[  235.87] Got zestreleaser.towncrier 2.0.1.
[  235.87] root: Reading https://pypi.org/simple/zest-releaser/
[  236.14] Getting distribution for 'zest.releaser[recommended]==9.9.1; extra == "test"'.
[  236.14] root: Downloading https://files.pythonhosted.org/packages/db/47/3b5276ff063eb73af8b73f47a837324eec8d2c0ec8df3583ffc76a386f0d/zest_releaser-9.9.1-py3-none-any.whl#sha256=c02358ff70e04921344b1cef507b6d62aa0c8f4f293cbac9ce9b2a3ebc2a0522
[  236.70] Got zest.releaser 9.9.1.
[  236.72] root: Reading https://pypi.org/simple/mock/
[  237.06] Getting distribution for 'mock==5.2.0; extra == "test"'.
[  237.06] root: Downloading https://files.pythonhosted.org/packages/bd/d9/617e6af809bf3a1d468e0d58c3997b1dc219a9a9202e650d30c2fc85d481/mock-5.2.0-py3-none-any.whl#sha256=7ba87f72ca0e915175596069dbbcc7c75af7b5e9b9bc107ad6349ede0819982f
[  237.48] Got mock 5.2.0.
[  237.49] root: Reading https://pypi.org/simple/selenium/
[  237.77] Getting distribution for 'selenium==4.44.0'.
[  237.77] root: Downloading https://files.pythonhosted.org/packages/1f/bc/885047e975e996cb317db31c4551caa915aafc6befea990f082c7233adc2/selenium-4.44.0-py3-none-any.whl#sha256=d01ea3e5ecad8149460a765f7cf5177194c21dcc0173093fc05427c289b1bf24
[  240.31] Got selenium 4.44.0.
[  240.32] root: Reading https://pypi.org/simple/robotframework-browser/
[  240.60] Getting distribution for 'robotframework-browser==20.0.0'.
[  240.60] root: Downloading https://files.pythonhosted.org/packages/10/de/336e82e3620a30164ed53452b0c8d634940056d07beb4fa2bc1156a44c17/robotframework_browser-20.0.0-py3-none-any.whl#sha256=dc6d494b69e64e2c6fff8382c350111410a94126d70140099e7de504b8e76c59
[  241.28] Got robotframework-browser 20.0.0.
[  241.30] root: Reading https://pypi.org/simple/robotframework-seleniumtestability/
[  241.43] Getting distribution for 'robotframework-seleniumtestability==2.1.0'.
[  241.43] root: Downloading https://files.pythonhosted.org/packages/13/fd/2c5006a4e19746ecaa95e5ef1c7c7a83971f06c366379bad47c311823dce/robotframework_seleniumtestability-2.1.0-py3-none-any.whl#sha256=b312783f2e26c39c5002ea6db561088a1c8cc551af1dd27b37cb7c04566bbc5c
[  242.01] Got robotframework-seleniumtestability 2.1.0.
[  242.01] root: Reading https://pypi.org/simple/robotframework-selenium2library/
[  242.29] Getting distribution for 'robotframework-selenium2library==3.0.0'.
[  242.29] root: Downloading https://files.pythonhosted.org/packages/1c/f1/612f9aa29f33b25a1034749dde67dfbf6de9b297709d06df71f9bfabfc81/robotframework_selenium2library-3.0.0-py2.py3-none-any.whl#sha256=1826b1ce8ccac76f14c4812e2d6df79f52ecda8a3c59c427eea45548c2e22cb1
[  242.72] Got robotframework-selenium2library 3.0.0.
[  242.73] root: Reading https://pypi.org/simple/robotframework/
[  242.96] Getting distribution for 'robotframework==7.3.2'.
[  242.96] root: Downloading https://files.pythonhosted.org/packages/a0/91/f58cbb1e26119d68316bc7c306ca9b3e336d9053f432bc1876447592e4b8/robotframework-7.3.2-py3-none-any.whl#sha256=14ef2afa905285cc073df6ce06d0cd3af4a113df6f815532718079e00c98cca4
[  244.13] Got robotframework 7.3.2.
[  244.14] root: Reading https://pypi.org/simple/babel/
[  244.33] Getting distribution for 'babel==2.18.0'.
[  244.33] root: Downloading https://files.pythonhosted.org/packages/77/f5/21d2de20e8b8b0408f0681956ca2c69f1320a3848ac50e6e7f39c6159675/babel-2.18.0-py3-none-any.whl#sha256=e2b422b277c2b9a9630c1d7903c2a00d0830c409c59ac8cae9081c92f1aeba35
[  246.64] Got babel 2.18.0.
[  246.75] root: Reading https://pypi.org/simple/importlib-metadata/
[  247.04] Getting distribution for 'importlib-metadata==9.0.1'.
[  247.04] root: Downloading https://files.pythonhosted.org/packages/b3/55/ecca97ae19075f1fac62def77731e7f535e6c1fb8f92ff08160c5e6dade8/importlib_metadata-9.0.1-py3-none-any.whl#sha256=bba5600596a7e21f3eef53281cf28d6a5195634d2f2b78ff9501a3272c6eaab0
[  247.45] Got importlib-metadata 9.0.1.
[  247.46] root: Reading https://pypi.org/simple/prompt-toolkit/
[  247.69] Getting distribution for 'prompt-toolkit==3.0.53'.
[  247.69] root: Downloading https://files.pythonhosted.org/packages/54/6f/84908cad2d6aa5144abcf7b42709fe4fdb459bc640ec7ac5786e7693dabc/prompt_toolkit-3.0.53-py3-none-any.whl#sha256=01c0891d7f9237d5e339f7d3e42cdae80b7534abb1c7c0e3352efba6231492f2
[  248.56] Got prompt-toolkit 3.0.53.
[  248.59] root: Reading https://pypi.org/simple/zope-pytestlayer/
[  248.66] Getting distribution for 'zope-pytestlayer==9.2'.
[  248.66] root: Downloading https://files.pythonhosted.org/packages/35/46/7da37b3c87f7a4ce6f2f58a836d48fb77ad4f1739685515f136165925dbf/zope_pytestlayer-9.2-py3-none-any.whl#sha256=af733689512330b04cf75b20201e33c10f4702b38111f73337ae19729be3d156
[  249.30] Got zope.pytestlayer 9.2.
[  249.31] root: Reading https://pypi.org/simple/pyyaml/
[  249.74] Getting distribution for 'pyyaml==6.0.3'.
[  249.74] root: Downloading https://files.pythonhosted.org/packages/b1/16/95309993f1d3748cd644e02e38b75d50cbc0d9561d21f390a76242ce073f/pyyaml-6.0.3-cp313-cp313-macosx_11_0_arm64.whl#sha256=2283a07e2c21a2aa78d9c4442724ec1eb15f5e42a723b99cb3d822d48f5f7ad1
[  250.32] Got PyYAML 6.0.3.
[  250.37] root: Reading https://pypi.org/simple/pluggy/
[  250.51] Getting distribution for 'pluggy==1.6.0'.
[  250.51] root: Downloading https://files.pythonhosted.org/packages/54/20/4d324d65cc6d9205fabedc306948156824eb9f0ee1633355a8f7ec5c66bf/pluggy-1.6.0-py3-none-any.whl#sha256=e920276dd6813095e9377c0bc5566d94c932c33b27a3e3945d8389c374dd4746
[  251.08] Got pluggy 1.6.0.
[  251.08] root: Reading https://pypi.org/simple/coverage/
[  253.11] Getting distribution for 'coverage[toml]==7.16.0'.
[  253.11] root: Downloading https://files.pythonhosted.org/packages/b1/5a/234e8fadf85c3cc48cb31c247b9e8e0c7f06ece80f5b29f9b8c241f9da4c/coverage-7.16.0-py3-none-any.whl#sha256=245f7de6d023a5bba375dbec9f2e0869bfa26ac0cc639bbb7b4c814884000b73
[  253.79] Got coverage 7.16.0.
[  253.79] root: Reading https://pypi.org/simple/iniconfig/
[  254.01] Getting distribution for 'iniconfig==2.3.0'.
[  254.01] root: Downloading https://files.pythonhosted.org/packages/cb/b1/3846dd7f199d53cb17f49cba7e651e9ce294d8497c8c150530ed11865bb8/iniconfig-2.3.0-py3-none-any.whl#sha256=f631c04d2c48c52b84d0d0549c99ff3859c98df65b3101406327ecc7d53fbf12
[  254.55] Got iniconfig 2.3.0.
[  254.56] root: Reading https://pypi.org/simple/towncrier/
[  254.71] Getting distribution for 'towncrier==26.9.0'.
[  254.71] root: Downloading https://files.pythonhosted.org/packages/82/88/f9340b545dafa64de053798e760515a2736fbb60092cf9aa6b146ccf3ede/towncrier-26.9.0-py3-none-any.whl#sha256=ae4d223e6aadaff98d29b7f09e58d9c9ccf4cd3b455a2d2e0486d432cd8bf660
[  255.31] Got towncrier 26.9.0.
[  255.32] root: Reading https://pypi.org/simple/pyroma/
[  255.50] Getting distribution for 'pyroma==5.0.1; extra == "recommended"'.
[  255.50] root: Downloading https://files.pythonhosted.org/packages/86/cd/300d42aa7675d2ce66fea380177c19ad9f8ffad01295160a06e257360d73/pyroma-5.0.1-py3-none-any.whl#sha256=e71fd3e0f213b36870a607eccf491241dbadf5462ec1cdda94d08bfa1c26951e
[  255.96] Got pyroma 5.0.1.
[  255.97] root: Reading https://pypi.org/simple/pep440/
[  256.21] Getting distribution for 'pep440==0.1.2; extra == "recommended"'.
[  256.21] root: Downloading https://files.pythonhosted.org/packages/f6/eb/430277c5edc3442ddf969c7ef7de75aa65f9c59bf07d413ed1b706fd8abc/pep440-0.1.2-py3-none-any.whl#sha256=36d6ad73f2b5d07769294cafe183500ac89d848c922a3d3f521b968481880d51
[  256.69] Got pep440 0.1.2.
[  256.69] root: Reading https://pypi.org/simple/check-manifest/
[  256.83] Getting distribution for 'check-manifest==0.51; extra == "recommended"'.
[  256.84] root: Downloading https://files.pythonhosted.org/packages/02/c1/df01ef6ba1c8a2bfc201be45d0889b06f165008b240e8d1657aa665421a8/check_manifest-0.51-py3-none-any.whl#sha256=f5f35ed561012fc2115bb070e42a748ac2e034cf8904ab4dfaae893859085ca4
[  257.25] Got check-manifest 0.51.
[  257.26] root: Reading https://pypi.org/simple/twine/
[  257.44] Getting distribution for 'twine==7.0.0'.
[  257.44] root: Downloading https://files.pythonhosted.org/packages/96/08/ddcdc06225eaad6de0e48e1002b06d919dbde20582d0662c7af51308e5d6/twine-7.0.0-py3-none-any.whl#sha256=b854164df26db268af05f49aa5c0344b10e27a494343ff05b1e0bad3b135f5a7
[  257.89] Got twine 7.0.0.
[  257.90] root: Reading https://pypi.org/simple/readme-renderer/
[  258.09] Getting distribution for 'readme_renderer[md]==44.0'.
[  258.10] root: Downloading https://files.pythonhosted.org/packages/e1/67/921ec3024056483db83953ae8e48079ad62b92db7880013ca77632921dd0/readme_renderer-44.0-py3-none-any.whl#sha256=2fbca89b81a08526aadf1357a8c2ae889ec05fb03f5da67f9769c9a592166151
[  258.56] Got readme-renderer 44.0.
[  258.57] root: Reading https://pypi.org/simple/build/
[  258.70] Getting distribution for 'build==1.6.0'.
[  258.70] root: Downloading https://files.pythonhosted.org/packages/ab/e5/aa1e81b21aea0ce0ba435311837a37d4cb936e7461f9fecac08580073ba9/build-1.6.0-py3-none-any.whl#sha256=f7aaf1ebbb79178a02ba248bb524f2176b256017e17e8e4bd4289c7b38cc2bad
[  259.30] Got build 1.6.0.
[  259.33] root: Reading https://pypi.org/simple/websocket-client/
[  259.57] Getting distribution for 'websocket-client==1.9.2'.
[  259.57] root: Downloading https://files.pythonhosted.org/packages/d5/d2/cc4dc1271e464942db7ee278baae2daa99ee77cb2af744025c04da585a3e/websocket_client-1.9.2-py3-none-any.whl#sha256=e1a673830a9c7bfa47b1cd3d5e4178f4c9651d80a4eab02c9c23a1c3ec6250ce
[  260.17] Got websocket-client 1.9.2.
[  260.17] root: Reading https://pypi.org/simple/trio-websocket/
[  260.24] Getting distribution for 'trio-websocket==0.12.2'.
[  260.24] root: Downloading https://files.pythonhosted.org/packages/c7/19/eb640a397bba49ba49ef9dbe2e7e5c04202ba045b6ce2ec36e9cadc51e04/trio_websocket-0.12.2-py3-none-any.whl#sha256=df605665f1db533f4a386c94525870851096a223adcb97f72a07e8b4beba45b6
[  260.81] Got trio-websocket 0.12.2.
[  260.82] root: Reading https://pypi.org/simple/trio/
[  261.06] Getting distribution for 'trio==0.34.0'.
[  261.06] root: Downloading https://files.pythonhosted.org/packages/77/1f/555f1364bed52a92a864181962b77f1b15adadeacf23b86105324363e461/trio-0.34.0-py3-none-any.whl#sha256=6c7c9f49917694dcdcd5f67abd168df5599eca480d61f29854d17a61a75c2f05
[  262.03] Got trio 0.34.0.
[  262.09] root: Reading https://pypi.org/simple/psutil/
[  262.42] Getting distribution for 'psutil==7.2.2'.
[  262.42] root: Downloading https://files.pythonhosted.org/packages/80/c4/f5af4c1ca8c1eeb2e92ccca14ce8effdeec651d5ab6053c589b074eda6e1/psutil-7.2.2-cp36-abi3-macosx_11_0_arm64.whl#sha256=1a7b04c10f32cc88ab39cbf606e117fd74721c831c98a27dc04578deb0c16979
[  263.03] Got psutil 7.2.2.
[  263.04] root: Reading https://pypi.org/simple/seedir/
[  263.11] Getting distribution for 'seedir==0.5.1'.
[  263.11] root: Downloading https://files.pythonhosted.org/packages/7e/6e/f6e510f8ee4171b5b9cf2321094b74722a39d6d2e19b0bfea57f7b974a56/seedir-0.5.1-py3-none-any.whl#sha256=76ba4e6c9d85930166fa127b31efcbf8ccb471ed38624e728f4eb22e47e7b1a4
[  263.63] Got seedir 0.5.1.
[  263.63] root: Reading https://pypi.org/simple/click/
[  263.81] Getting distribution for 'click==8.5.0'.
[  263.81] root: Downloading https://files.pythonhosted.org/packages/58/50/6c0d534c5f134586a8e1ba4e330569e32f057e33372ae556463212fb4cd3/click-8.5.0-py3-none-any.whl#sha256=255bc9599cf7748b4b1a446ccc735421bd08a2ae529a8b88597d3de5664ee360
[  264.39] Got click 8.5.0.
[  264.39] root: Reading https://pypi.org/simple/overrides/
[  264.61] Getting distribution for 'overrides==7.7.0'.
[  264.61] root: Downloading https://files.pythonhosted.org/packages/2c/ab/fc8290c6a4c722e5514d80f62b2dc4c4df1a68a41d1364e625c35990fcf3/overrides-7.7.0-py3-none-any.whl#sha256=c7ed9d062f78b8e4c1a7b70bd8796b35ead4d9f510227ef9c5dc7626c60d7e49
[  265.13] Got overrides 7.7.0.
[  265.13] root: Reading https://pypi.org/simple/wrapt/
[  265.76] Getting distribution for 'wrapt==2.4.0'.
[  265.76] root: Downloading https://files.pythonhosted.org/packages/c3/ab/1dbf50802bea3b46192fd0dc39bb0eb2e77a064c813b2bbd88d2888ad49f/wrapt-2.4.0-cp313-cp313-macosx_11_0_arm64.whl#sha256=7de5b8d94417e55c02be50cc226e0ae1209bbc73813bf691dff3979c94438115
[  266.32] Got wrapt 2.4.0.
[  266.33] root: Reading https://pypi.org/simple/robotframework-assertion-engine/
[  266.53] Getting distribution for 'robotframework-assertion-engine==5.0.1'.
[  266.53] root: Downloading https://files.pythonhosted.org/packages/53/c6/6e631505e8c74a435c8b8e97fa7f5edb49ebe29b25cea8f4595546453014/robotframework_assertion_engine-5.0.1-py3-none-any.whl#sha256=04e96205213221e190252c487affe32c22aad78c6176a4b0d5e4ff7e67336394
[  266.97] Got robotframework-assertion-engine 5.0.1.
[  266.97] root: Reading https://pypi.org/simple/robotframework-pythonlibcore/
[  267.10] Getting distribution for 'robotframework-pythonlibcore==4.6.0'.
[  267.10] root: Downloading https://files.pythonhosted.org/packages/dc/b5/188f79e1d6ba281880a6817156d2fa8b89a1e034f6be0390425f4fb2969b/robotframework_pythonlibcore-4.6.0-py3-none-any.whl#sha256=db8d707961a0b83a5497d9c02b8919805e47b73907d0a588c79593518dc133a7
[  267.70] Got robotframework-pythonlibcore 4.6.0.
[  267.70] root: Reading https://pypi.org/simple/protobuf/
[  268.36] Getting distribution for 'protobuf==6.33.6'.
[  268.36] root: Downloading https://files.pythonhosted.org/packages/c4/72/02445137af02769918a93807b2b7890047c32bfb9f90371cbc12688819eb/protobuf-6.33.6-py3-none-any.whl#sha256=77179e006c476e69bf8e8ce866640091ec42e1beb80b213c3900006ecfba6901
[  269.15] Got protobuf 6.33.6.
[  269.15] root: Reading https://pypi.org/simple/grpcio-tools/
[  270.21] Getting distribution for 'grpcio-tools==1.81.0'.
[  270.21] root: Downloading https://files.pythonhosted.org/packages/c4/4a/3b6817547d65d9f7a106ea6a2352125d08b44ce1d120b64ca0c565d896e6/grpcio_tools-1.81.0-cp313-cp313-macosx_11_0_universal2.whl#sha256=2a369a9e27fcb6279387744778d67a64551de82db0e9cf7e1e9451c22f719e07
[  271.95] Got grpcio-tools 1.81.0.
[  271.95] root: Reading https://pypi.org/simple/grpcio/
[  273.00] Getting distribution for 'grpcio==1.81.0'.
[  273.00] root: Downloading https://files.pythonhosted.org/packages/9e/b6/7211807926b5a17f8d9a5d47c739a163d6812fefe3e4714e81cf92945ed7/grpcio-1.81.0-cp313-cp313-macosx_11_0_universal2.whl#sha256=43c121e135ae44d1559b430db2b2dfad7421cbbe40e1deba506c7dc62b439719
[  275.45] Got grpcio 1.81.0.
[  275.45] root: Reading https://pypi.org/simple/furl/
[  275.64] Getting distribution for 'furl==2.1.4'.
[  275.64] root: Downloading https://files.pythonhosted.org/packages/61/8c/dce3b1b7593858eba995b2dfdb833f872c7f863e3da92aab7128a6b11af4/furl-2.1.4-py2.py3-none-any.whl#sha256=da34d0b34e53ffe2d2e6851a7085a05d96922b5b578620a37377ff1dbeeb11c8
[  276.20] Got furl 2.1.4.
[  276.20] root: Reading https://pypi.org/simple/robotframework-seleniumlibrary/
[  276.37] Getting distribution for 'robotframework-seleniumlibrary==6.9.0'.
[  276.37] root: Downloading https://files.pythonhosted.org/packages/74/60/8e5e20bf5dda4168295b22900d25dac0c464eb73a7e0e032bfb6d8897e40/robotframework_seleniumlibrary-6.9.0-py3-none-any.whl#sha256=198067f838acb01dd54348b68ee83a7cc53dd533c2171385a7554ab28b5ef33d
[  276.93] Got robotframework-seleniumlibrary 6.9.0.
[  276.94] root: Reading https://pypi.org/simple/zipp/
[  277.22] Getting distribution for 'zipp==4.1.0'.
[  277.22] root: Downloading https://files.pythonhosted.org/packages/3a/13/547360d81e6d88d58492968ffda9f9542854f11310ee556fef14260cc886/zipp-4.1.0-py3-none-any.whl#sha256=25ad4e16390cd314347dd8f1de67a2ac538ae658ed4ab9db16029c07c188e97f
[  277.74] Got zipp 4.1.0.
[  277.74] root: Reading https://pypi.org/simple/wcwidth/
[  277.85] Getting distribution for 'wcwidth==0.8.3'.
[  277.85] root: Downloading https://files.pythonhosted.org/packages/c4/0e/57f6bb3024a597b2e8ec4aee710ffe62ddc95af2e2bb1ee7a7abdc22c68c/wcwidth-0.8.3-py3-none-any.whl#sha256=d5b73dba6158a595ec9370350e7f2637bcac8d6c5e4fde34f30fcffb6103a5e4
[  278.67] Got wcwidth 0.8.3.
[  278.69] root: Reading https://pypi.org/simple/trove-classifiers/
[  278.89] Getting distribution for 'trove-classifiers==2026.6.1.19'.
[  278.89] root: Downloading https://files.pythonhosted.org/packages/7c/a4/81502f486f01db95bc8320646a8a12511f5e556cb63d5e224d91816605c4/trove_classifiers-2026.6.1.19-py3-none-any.whl#sha256=ab4c4ec93cc4a4e7815fa759906e05e6bb3f2fbd92ea0f897288c6a43efd15b3
[  279.36] Got trove-classifiers 2026.6.1.19.
[  279.37] root: Reading https://pypi.org/simple/id/
[  279.57] Getting distribution for 'id==1.6.1'.
[  279.57] root: Downloading https://files.pythonhosted.org/packages/42/77/de194443bf38daed9452139e960c632b0ef9f9a5dd9ce605fdf18ca9f1b1/id-1.6.1-py3-none-any.whl#sha256=f5ec41ed2629a508f5d0988eda142e190c9c6da971100612c4de9ad9f9b237ca
[  280.13] Got id 1.6.1.
[  280.13] root: Reading https://pypi.org/simple/rich/
[  280.49] Getting distribution for 'rich==15.0.0'.
[  280.49] root: Downloading https://files.pythonhosted.org/packages/82/3b/64d4899d73f91ba49a8c18a8ff3f0ea8f1c1d75481760df8c68ef5235bf5/rich-15.0.0-py3-none-any.whl#sha256=33bd4ef74232fb73fe9279a257718407f169c09b78a87ad3d296f548e27de0bb
[  281.29] Got rich 15.0.0.
[  281.29] root: Reading https://pypi.org/simple/rfc3986/
[  281.56] Getting distribution for 'rfc3986==2.0.0'.
[  281.57] root: Downloading https://files.pythonhosted.org/packages/ff/9a/9afaade874b2fa6c752c36f1548f718b5b83af81ed9b76628329dab81c1b/rfc3986-2.0.0-py2.py3-none-any.whl#sha256=50b1502b60e289cb37883f3dfd34532b8873c7de9f49bb546641ce9cbd256ebd
[  282.14] Got rfc3986 2.0.0.
[  282.15] root: Reading https://pypi.org/simple/keyring/
[  282.53] Getting distribution for 'keyring==25.7.0; platform_machine != "ppc64le" and platform_machine != "s390x"'.
[  282.53] root: Downloading https://files.pythonhosted.org/packages/81/db/e655086b7f3a705df045bf0933bdd9c2f79bb3c97bfef1384598bb79a217/keyring-25.7.0-py3-none-any.whl#sha256=be4a0b195f149690c166e850609a477c532ddbfbaed96a404d4e43f8d5e2689f
[  283.11] Got keyring 25.7.0.
[  283.11] root: Reading https://pypi.org/simple/requests-toolbelt/
[  283.24] Getting distribution for 'requests-toolbelt==1.0.0'.
[  283.24] root: Downloading https://files.pythonhosted.org/packages/3f/51/d4db610ef29373b879047326cbf6fa98b6c1969d6f6dc423279de2b1be2c/requests_toolbelt-1.0.0-py2.py3-none-any.whl#sha256=cccfdd665f0a24fcf4726e690f65639d272bb0637b9b92dfd91a5568ccf6bd06
[  283.81] Got requests-toolbelt 1.0.0.
[  283.81] root: Reading https://pypi.org/simple/cmarkgfm/
[  284.10] Getting distribution for 'cmarkgfm==2025.10.22; extra == "md"'.
[  284.11] root: Downloading https://files.pythonhosted.org/packages/e0/6b/5da9daa0fa3d6b41f1fc1755151d459625a1376e2d968aa3b3bd42589e93/cmarkgfm-2025.10.22-cp313-cp313-macosx_11_0_arm64.whl#sha256=d8030955c836827b95f46f8fc520a58ab2a03fb23d4b56e2d976618099273298
[  284.72] Got cmarkgfm 2025.10.22.
[  284.72] root: Reading https://pypi.org/simple/nh3/
[  284.89] Getting distribution for 'nh3==0.3.7'.
[  284.89] root: Downloading https://files.pythonhosted.org/packages/94/0d/c257754bf57f829f307aa226bbe136d3a1356b5a0d08324c7b6bd2a8aacd/nh3-0.3.7-cp38-abi3-macosx_10_12_x86_64.macosx_11_0_arm64.macosx_10_12_universal2.whl#sha256=6c3aa50eb26e9228238271db9f983cbc3b006dfbfeca2d4dc34c33ddc6ac5ea5
[  285.69] Got nh3 0.3.7.
[  285.69] root: Reading https://pypi.org/simple/pyproject-hooks/
[  285.76] Getting distribution for 'pyproject_hooks==1.2.0'.
[  285.76] root: Downloading https://files.pythonhosted.org/packages/bd/24/12818598c362d7f300f18e74db45963dbcb85150324092410c8b49405e42/pyproject_hooks-1.2.0-py3-none-any.whl#sha256=9e5c6bfa8dcc30091c74b0cf803c81fdd29d94f01992a7707bc97babb1141913
[  286.34] Got pyproject-hooks 1.2.0.
[  286.34] root: Reading https://pypi.org/simple/pysocks/
[  286.62] Getting distribution for 'pysocks==1.7.1; extra == "socks"'.
[  286.62] root: Downloading https://files.pythonhosted.org/packages/8d/59/b4572118e098ac8e46e399a1dd0f2d85403ce8bbaad9ec79373ed6badaf9/PySocks-1.7.1-py3-none-any.whl#sha256=2725bd0a9925919b9b51739eea5f9e2bae91e83288108a9ad338b2e3a4435ee5
[  287.15] Got PySocks 1.7.1.
[  287.15] root: Reading https://pypi.org/simple/wsproto/
[  287.32] Getting distribution for 'wsproto==1.3.2'.
[  287.32] root: Downloading https://files.pythonhosted.org/packages/a4/f5/10b68b7b1544245097b2a1b8238f66f2fc6dcaeb24ba5d917f52bd2eed4f/wsproto-1.3.2-py3-none-any.whl#sha256=61eea322cdf56e8cc904bd3ad7573359a242ba65688716b0710a5eb12beab584
[  287.87] Got wsproto 1.3.2.
[  287.87] root: Reading https://pypi.org/simple/outcome/
[  287.99] Getting distribution for 'outcome==1.3.0post0'.
[  287.99] root: Downloading https://files.pythonhosted.org/packages/55/8b/5ab7257531a5d830fc8000c476e63c935488d74609b50f9384a643ec0a62/outcome-1.3.0.post0-py2.py3-none-any.whl#sha256=e771c5ce06d1415e356078d3bdd68523f284b4ce5419828922b6871e65eda82b
[  288.65] Got outcome 1.3.0.post0.
[  288.65] root: Reading https://pypi.org/simple/sniffio/
[  288.77] Getting distribution for 'sniffio==1.3.1'.
[  288.77] root: Downloading https://files.pythonhosted.org/packages/e9/44/75a9c9421471a6c4805dbf2356f7c181a29c1879239abab1ea2cc8f38b40/sniffio-1.3.1-py3-none-any.whl#sha256=2f6da418d1f1e0fddd844478f41680e794e6051915791a034ff65e5f100525a2
[  289.30] Got sniffio 1.3.1.
[  289.30] root: Reading https://pypi.org/simple/sortedcontainers/
[  289.54] Getting distribution for 'sortedcontainers==2.4.0'.
[  289.54] root: Downloading https://files.pythonhosted.org/packages/32/46/9cb0e58b2deb7f82b84065f37f3bffeb12413f947f9388e4cac22c4621ce/sortedcontainers-2.4.0-py2.py3-none-any.whl#sha256=a163dcaede0f1c021485e957a39245190e74249897e2ae4b2aa38595db237ee0
[  290.14] Got sortedcontainers 2.4.0.
[  290.14] root: Reading https://pypi.org/simple/natsort/
[  290.32] Getting distribution for 'natsort==8.4.0'.
[  290.32] root: Downloading https://files.pythonhosted.org/packages/ef/82/7a9d0550484a62c6da82858ee9419f3dd1ccc9aa1c26a1e43da3ecd20b0d/natsort-8.4.0-py3-none-any.whl#sha256=4732914fb471f56b5cce04d7bae6f164a592c7712e1c85f9ef585e197299521c
[  290.86] Got natsort 8.4.0.
[  290.86] root: Reading https://pypi.org/simple/orderedmultidict/
[  290.98] Getting distribution for 'orderedmultidict==1.0.2'.
[  290.98] root: Downloading https://files.pythonhosted.org/packages/b2/6c/d8a02ffb24876b5f51fbd781f479fc6525a518553a4196bd0433dae9ff8e/orderedmultidict-1.0.2-py2.py3-none-any.whl#sha256=ab5044c1dca4226ae4c28524cfc5cc4c939f0b49e978efa46a6ad6468049f79b
[  291.58] Got orderedmultidict 1.0.2.
[  291.58] root: Reading https://pypi.org/simple/markdown-it-py/
[  291.67] Getting distribution for 'markdown-it-py==4.2.0'.
[  291.67] root: Downloading https://files.pythonhosted.org/packages/b3/81/4da04ced5a082363ecfa159c010d200ecbd959ae410c10c0264a38cac0f5/markdown_it_py-4.2.0-py3-none-any.whl#sha256=9f7ebbcd14fe59494226453aed97c1070d83f8d24b6fc3a3bcf9a38092641c4a
[  292.49] Got markdown-it-py 4.2.0.
[  292.50] root: Reading https://pypi.org/simple/jaraco-context/
[  292.71] Getting distribution for 'jaraco.context==6.1.2'.
[  292.71] root: Downloading https://files.pythonhosted.org/packages/f2/58/bc8954bda5fcda97bd7c19be11b85f91973d67a706ed4a3aec33e7de22db/jaraco_context-6.1.2-py3-none-any.whl#sha256=bf8150b79a2d5d91ae48629d8b427a8f7ba0e1097dd6202a9059f29a36379535
[  293.25] Got jaraco.context 6.1.2.
[  293.26] root: Reading https://pypi.org/simple/jaraco-functools/
[  293.46] Getting distribution for 'jaraco.functools==4.6.0'.
[  293.46] root: Downloading https://files.pythonhosted.org/packages/02/36/ecc85bc96c273dc8a11273ed4782272975e6338d4a3e9228621175edf0e3/jaraco_functools-4.6.0-py3-none-any.whl#sha256=99e3dc0060c5cbe8fcd1cdb36258e2a65ca40f1566b2033b12abb1bb44dd3c30
[  294.06] Got jaraco.functools 4.6.0.
[  294.06] root: Reading https://pypi.org/simple/jaraco-classes/
[  294.24] Getting distribution for 'jaraco.classes==3.4.0'.
[  294.24] root: Downloading https://files.pythonhosted.org/packages/7f/66/b15ce62552d84bbfcec9a4873ab79d993a1dd4edb922cbfccae192bd5b5f/jaraco.classes-3.4.0-py3-none-any.whl#sha256=f662826b6bed8cace05e7ff873ce0f9283b5c924470fe664fff1c2f00f581790
[  294.82] Got jaraco.classes 3.4.0.
[  294.83] root: Reading https://pypi.org/simple/mdurl/
[  295.05] Getting distribution for 'mdurl==0.1.2'.
[  295.05] root: Downloading https://files.pythonhosted.org/packages/b3/38/89ba8ad64ae25be8de66a6d463314cf1eb366222074cfda9ee839c56a4b4/mdurl-0.1.2-py3-none-any.whl#sha256=84008a41e51615a49fc9966191ff91509e3c40b939176e643fd50a5c2196b8f8
[  295.70] Got mdurl 0.1.2.
[  295.70] root: Reading https://pypi.org/simple/more-itertools/
[  295.93] Getting distribution for 'more_itertools==11.1.0'.
[  295.93] root: Downloading https://files.pythonhosted.org/packages/e8/3d/1087453384dbde46a8c7f9356eead2c58be8a7bf156bca40243377c85715/more_itertools-11.1.0-py3-none-any.whl#sha256=4b65538ae22f6fed0ce4874efd317463a7489796a0939fa66824dd542125a192
[  296.66] Got more-itertools 11.1.0.
[  297.18] Generated script '<bench>/runs/bo-pip/bin/test'.
[  297.18] Installing instance-cmfplone.
[  297.53] Generated script '<bench>/runs/bo-pip/bin/instance-cmfplone'.
[  297.54] Generated interpreter '<bench>/runs/bo-pip/parts/instance-cmfplone/bin/interpreter'.
[  297.93] Installing robot.
[  298.03] root: Reading https://pypi.org/simple/robotframework-selenium2screenshots/
[  298.18] Getting distribution for 'robotframework-selenium2screenshots==0.8.1'.
[  298.18] root: Downloading https://files.pythonhosted.org/packages/46/a3/df11c914cecad339e8230c49a81218c7eb6bab557bfa7a7ec01b2ea43763/robotframework_selenium2screenshots-0.8.1-py2.py3-none-any.whl#sha256=e649bd169eb098be9d091eb9fdbe6f191f496697140c0d813bd60ff9fd45cab5
[  298.66] Got robotframework-selenium2screenshots 0.8.1.
[  298.69] root: Reading https://pypi.org/simple/watchdog/
[  298.99] Getting distribution for 'watchdog==6.0.0; extra == "reload"'.
[  298.99] root: Downloading https://files.pythonhosted.org/packages/fe/c4/225c87bae08c8b9ec99030cd48ae9c4eca050a59bf5c2255853e18c87b50/watchdog-6.0.0-cp313-cp313-macosx_11_0_arm64.whl#sha256=a175f755fc2279e0b7312c0035d52e27211a5bc39719dd529625b1930917345b
[  299.39] Got watchdog 6.0.0.
[  299.87] Generated script '<bench>/runs/bo-pip/bin/ride'.
[  299.87] Generated script '<bench>/runs/bo-pip/bin/robot'.
[  299.87] Generated script '<bench>/runs/bo-pip/bin/robot-debug'.
[  299.87] Generated script '<bench>/runs/bo-pip/bin/robot-server'.
[  299.87] Generated script '<bench>/runs/bo-pip/bin/rfbrowser'.
[  299.87] Installing zopescripts.
[  300.24] Generated script '<bench>/runs/bo-pip/bin/addzopeuser'.
[  300.24] Generated script '<bench>/runs/bo-pip/bin/mkwsgiinstance'.
[  300.24] Generated script '<bench>/runs/bo-pip/bin/runwsgi'.
[  300.24] Generated script '<bench>/runs/bo-pip/bin/zconsole'.
[  300.25] Generated script '<bench>/runs/bo-pip/bin/zodbverify'.
[  300.25] Installing zopepy.
[  300.84] Generated script '<bench>/runs/bo-pip/bin/plone-register-flags'.
[  300.84] Generated script '<bench>/runs/bo-pip/bin/plone-register-icons'.
[  300.84] Generated interpreter '<bench>/runs/bo-pip/bin/zopepy'.
[  300.85] Installing packages.
[  300.92] packages: (While processing egg Zope) Link already exists (<bench>/runs/bo-pip/eggs/v5/Zope-6.2-py3.13-macosx-26.6-arm64.egg/Products -> <bench>/runs/bo-pip/parts/packages/Products).  Skipping.
[  301.00] packages: Warning: (While processing egg cffi) Package '_cffi_backend' not found.  Skipping.
[  301.01] packages: Warning: (While processing egg charset-normalizer) Package 'ada92cb5d92a588d1b93__mypyc' not found.  Skipping.
[  301.03] packages: (While processing egg zc-buildout) Link already exists (<bench>/runs/bo-pip/.venv/lib/python3.13/site-packages/zc -> <bench>/runs/bo-pip/parts/packages/zc).  Skipping.
[  301.04] Installing releaser.
[  301.09] root: Reading https://pypi.org/simple/plone-releaser/
[  301.17] Getting distribution for 'plone.releaser==3.1.1'.
[  301.18] root: Downloading https://files.pythonhosted.org/packages/bb/70/a8d0de3d557fa91c295734d037ccf98687674d91c1a3c9beb0a0c0038104/plone_releaser-3.1.1-py3-none-any.whl#sha256=79c8434aaf640674b314fe9a978d0488e63c022d68a0a94d91911fd70c597b99
[  301.75] Got plone.releaser 3.1.1.
[  301.75] root: Reading https://pypi.org/simple/zest-pocompile/
[  301.88] Getting distribution for 'zest.pocompile==2.0.0'.
[  301.88] root: Downloading https://files.pythonhosted.org/packages/b3/c5/85e1c4ec19bcfc0cf7196dc9e9008ef3687739c4062e38cdcd8c84e82698/zest.pocompile-2.0.0-py3-none-any.whl#sha256=e315cbbe2880fe96953306319da048b4ee349de3cf05a34064abf140f26d4b79
[  302.22] Got zest.pocompile 2.0.0.
[  302.23] root: Reading https://pypi.org/simple/progress/
[  302.39] Getting distribution for 'progress==1.6.1'.
[  302.39] root: Downloading https://files.pythonhosted.org/packages/42/59/123aee44a039b212cfb8d90be1adf06496a99b313ee1683aadf90b3d9799/progress-1.6.1-py3-none-any.whl#sha256=5239f22f305c12fdc8ce6e0e47f70f21622a935e16eafc4535617112e7c7ea0b
[  302.73] Got progress 1.6.1.
[  302.73] root: Reading https://pypi.org/simple/configparser/
[  302.92] Getting distribution for 'configparser==7.2.0'.
[  302.92] root: Downloading https://files.pythonhosted.org/packages/09/fe/f61e7129e9e689d9e40bbf8a36fb90f04eceb477f4617c02c6a18463e81f/configparser-7.2.0-py3-none-any.whl#sha256=fee5e1f3db4156dcd0ed95bc4edfa3580475537711f67a819c966b389d09ce62
[  303.37] Got configparser 7.2.0.
[  303.37] root: Reading https://pypi.org/simple/gitpython/
[  303.64] Getting distribution for 'gitpython==3.1.61'.
[  303.64] root: Downloading https://files.pythonhosted.org/packages/6f/5e/49cc172da4d0578644ba37cec5cb365b1fefc603b26edea9bcac1c7f830a/gitpython-3.1.61-py3-none-any.whl#sha256=8ab28c9da863cdd9e7d7694ec46cf3e6c9a12d8a30a1acd3447aec11975d530c
[  304.15] Got GitPython 3.1.61.
[  304.15] root: Reading https://pypi.org/simple/argh/
[  304.45] Getting distribution for 'argh==0.31.3'.
[  304.45] root: Downloading https://files.pythonhosted.org/packages/d2/52/fcd83710b6f8786df80e5d335882d1b24d1f610f397703e94a6ffb0d6f66/argh-0.31.3-py3-none-any.whl#sha256=2edac856ff50126f6e47d884751328c9f466bacbbb6cbfdac322053d94705494
[  304.91] Got argh 0.31.3.
[  304.92] root: Reading https://pypi.org/simple/gitdb/
[  305.03] Getting distribution for 'gitdb==4.0.12'.
[  305.03] root: Downloading https://files.pythonhosted.org/packages/a0/61/5c78b91c3143ed5c14207f463aecfc8f9dbb5092fb2869baf37c273b2705/gitdb-4.0.12-py3-none-any.whl#sha256=67073e15955400952c6565cc3e707c554a4eea2e428946f7a4c162fab9bd9bcf
[  305.57] Got gitdb 4.0.12.
[  305.58] root: Reading https://pypi.org/simple/smmap/
[  305.65] Getting distribution for 'smmap==5.0.3'.
[  305.65] root: Downloading https://files.pythonhosted.org/packages/c1/d4/59e74daffcb57a07668852eeeb6035af9f32cbfd7a1d2511f17d2fe6a738/smmap-5.0.3-py3-none-any.whl#sha256=c106e05d5a61449cf6ba9a1e650227ecfb141590d2a98412103ff35d89fc7b2f
[  306.10] Got smmap 5.0.3.
[  306.12] Generated script '<bench>/runs/bo-pip/bin/manage'.
[  306.12] Generated script '<bench>/runs/bo-pip/bin/addchangelogentry'.
[  306.12] Generated script '<bench>/runs/bo-pip/bin/bumpversion'.
[  306.12] Generated script '<bench>/runs/bo-pip/bin/fullrelease'.
[  306.12] Generated script '<bench>/runs/bo-pip/bin/lasttagdiff'.
[  306.12] Generated script '<bench>/runs/bo-pip/bin/lasttaglog'.
[  306.12] Generated script '<bench>/runs/bo-pip/bin/longtest'.
[  306.12] Generated script '<bench>/runs/bo-pip/bin/postrelease'.
[  306.12] Generated script '<bench>/runs/bo-pip/bin/prerelease'.
[  306.12] Generated script '<bench>/runs/bo-pip/bin/release'.
[  306.12] Generated script '<bench>/runs/bo-pip/bin/pocompile'.
[  306.12] Generated script '<bench>/runs/bo-pip/bin/pyroma'.
[  306.12] Generated script '<bench>/runs/bo-pip/bin/pep440'.
[  306.13] Generated script '<bench>/runs/bo-pip/bin/check-manifest'.
[  306.13] Generated script '<bench>/runs/bo-pip/bin/twine'.
[  306.13] Generated script '<bench>/runs/bo-pip/bin/pyproject-build'.
[  306.13] Generated script '<bench>/runs/bo-pip/bin/docutils'.
[  306.13] Generated script '<bench>/runs/bo-pip/bin/rst2html'.
[  306.13] Generated script '<bench>/runs/bo-pip/bin/rst2html4'.
[  306.13] Generated script '<bench>/runs/bo-pip/bin/rst2html5'.
[  306.13] Generated script '<bench>/runs/bo-pip/bin/rst2latex'.
[  306.13] Generated script '<bench>/runs/bo-pip/bin/rst2man'.
[  306.13] Generated script '<bench>/runs/bo-pip/bin/rst2odt'.
[  306.13] Generated script '<bench>/runs/bo-pip/bin/rst2pseudoxml'.
[  306.13] Generated script '<bench>/runs/bo-pip/bin/rst2s5'.
[  306.13] Generated script '<bench>/runs/bo-pip/bin/rst2xetex'.
[  306.13] Generated script '<bench>/runs/bo-pip/bin/rst2xml'.
[  306.13] Generated script '<bench>/runs/bo-pip/bin/trove-classifiers'.
[  306.13] Generated script '<bench>/runs/bo-pip/bin/pygmentize'.
[  306.13] Generated script '<bench>/runs/bo-pip/bin/keyring'.
[  306.13] Generated script '<bench>/runs/bo-pip/bin/idna'.
[  306.13] Generated script '<bench>/runs/bo-pip/bin/normalizer'.
[  306.13] Generated script '<bench>/runs/bo-pip/bin/towncrier'.
[  306.13] Generated script '<bench>/runs/bo-pip/bin/markdown-it'.
[  306.13] Generated script '<bench>/runs/bo-pip/bin/cffi-gen-src'.
[  306.13] Generated script '<bench>/runs/bo-pip/bin/pip'.
[  306.13] Generated script '<bench>/runs/bo-pip/bin/pip3'.
[  306.13] Generated script '<bench>/runs/bo-pip/bin/wheel'.
[  306.13] Generated script '<bench>/runs/bo-pip/bin/buildout'.
[  306.13] Installing z3c_checkversions.
[  306.29] root: Reading https://pypi.org/simple/z3c-checkversions/
[  306.36] Getting distribution for 'z3c.checkversions[buildout]==3.0'.
[  306.36] root: Downloading https://files.pythonhosted.org/packages/33/8a/880d2694b43fba3a05986e1647ee087bd28ce753c5085f0f1068993ae3ec/z3c_checkversions-3.0-py3-none-any.whl#sha256=060df4573564e0195fc2a523b8cb5c9c23b102263d0fcfcb2343d9768361d8cc
[  306.99] Got z3c.checkversions 3.0.
[  307.01] Generated script '<bench>/runs/bo-pip/bin/checkversions'.
[  307.01] Installing ploneversioncheck.
[  307.07] Generated script '<bench>/runs/bo-pip/bin/versioncheck'.
[  307.07] Installing dependencies.
[  307.11] root: Reading https://pypi.org/simple/z3c-dependencychecker/
[  307.35] Getting distribution for 'z3c.dependencychecker==3.0'.
[  307.36] root: Downloading https://files.pythonhosted.org/packages/b9/41/f7e23fe5b32fbec855edf47f5e8cede6ded6b69f97917f41f7fa69bb6d7f/z3c_dependencychecker-3.0-py3-none-any.whl#sha256=28bac860cc6fa4dc59844027727d00f7a1e80c6b1fb4361f4d097343f4aace45
[  307.89] Got z3c.dependencychecker 3.0.
[  307.89] root: Reading https://pypi.org/simple/wheel-inspect/
[  308.12] Getting distribution for 'wheel-inspect==1.8.0'.
[  308.12] root: Downloading https://files.pythonhosted.org/packages/d5/1a/b5e48eadb2dc83de3b9212e1656408799a0c61368529433a6d12628412d2/wheel_inspect-1.8.0-py3-none-any.whl#sha256=0881fa6730873251f30b481173c6083608bdcc24212a483b9d9605bf85d4cb80
[  308.54] Got wheel-inspect 1.8.0.
[  308.54] root: Reading https://pypi.org/simple/toml/
[  308.80] Getting distribution for 'toml==0.10.2'.
[  308.80] root: Downloading https://files.pythonhosted.org/packages/44/6f/7120676b6d73228c96e17f1f794d8ab046fc910d781c8d151120c3f1569e/toml-0.10.2-py2.py3-none-any.whl#sha256=806143ae5bfb6a3c6e736a764057db0e6a0e05e338b5630894a5f779cabb4f9b
[  309.19] Got toml 0.10.2.
[  309.19] root: Reading https://pypi.org/simple/cached-property/
[  309.26] Getting distribution for 'cached-property==2.0.1'.
[  309.26] root: Downloading https://files.pythonhosted.org/packages/11/0e/7d8225aab3bc1a0f5811f8e1b557aa034ac04bdf641925b30d3caf586b28/cached_property-2.0.1-py3-none-any.whl#sha256=f617d70ab1100b7bcf6e42228f9ddcb78c676ffa167278d9f730d1c2fba69ccb
[  309.73] Got cached-property 2.0.1.
[  309.73] root: Reading https://pypi.org/simple/wheel-filename/
[  309.94] Getting distribution for 'wheel-filename==2.1.0'.
[  309.94] root: Downloading https://files.pythonhosted.org/packages/8b/e1/f0f65444e6d6ba37556ddff7cc41864bc565d8b6645969e3dadca93c74a7/wheel_filename-2.1.0-py3-none-any.whl#sha256=33de41b29f9520fff89494387e27d244d1c8ebe20126537b4a663f4be625ccff
[  310.33] Got wheel-filename 2.1.0.
[  310.34] root: Reading https://pypi.org/simple/headerparser/
[  310.40] Getting distribution for 'headerparser==0.5.2'.
[  310.40] root: Downloading https://files.pythonhosted.org/packages/0f/87/9b5b7eb8eade5d5c5357b19ced4b719c0c0815089c5dc0e9a68cd3b8ff5c/headerparser-0.5.2-py3-none-any.whl#sha256=e89d35c8cfe494f7fdec6eff14b4a9d5542fc2b2b8f1b50d750b62d822d0b8d6
[  310.75] Got headerparser 0.5.2.
[  310.75] root: Reading https://pypi.org/simple/entry-points-txt/
[  310.82] Getting distribution for 'entry-points-txt==0.3.0'.
[  310.82] root: Downloading https://files.pythonhosted.org/packages/2a/39/a48a490970eb45e592b29c2732bcadc889d87ff0d8a15737230c60c516de/entry_points_txt-0.3.0-py3-none-any.whl#sha256=690a9335a17ded03ed221c2019c28094e74a9ea734931bd6ee6d853e58caa90a
[  311.21] Got entry-points-txt 0.3.0.
[  311.22] root: Reading https://pypi.org/simple/deprecated/
[  311.39] Getting distribution for 'deprecated==1.3.1'.
[  311.39] root: Downloading https://files.pythonhosted.org/packages/84/d0/205d54408c08b13550c733c4b85429e7ead111c7f0014309637425520a9a/deprecated-1.3.1-py2.py3-none-any.whl#sha256=597bfef186b6f60181535a29fbe44865ce137a5079f295b479886c82729d5f3f
[  311.81] Got Deprecated 1.3.1.
[  311.82] Generated script '<bench>/runs/bo-pip/bin/dependencychecker'.
[  311.82] Installing zodbupdate.
[  311.86] root: Reading https://pypi.org/simple/zodbupdate/
[  311.93] Getting distribution for 'zodbupdate==3.0'.
[  311.93] root: Downloading https://files.pythonhosted.org/packages/6b/48/d2a4317302734318c0a72ced070b2f20effed0fd9667abffab4c76895818/zodbupdate-3.0-py3-none-any.whl#sha256=db9a377ba051e130d226d18c811d45126b628f7506a2937bb1c056835be835e3
[  312.37] Got zodbupdate 3.0.
[  312.93] Generated script '<bench>/runs/bo-pip/bin/zodbupdate'.
[  312.93] Generated script '<bench>/runs/bo-pip/bin/zodbverify'.
[  312.93] Installing vscode.
# exit 0 after 307.77s
